merchant_id,merchant_name,city
MERU9JCGLS9MNLI,"Williams, Moore and Campbell",West Bradley
MER43QNBEL8JWEW,Wolf LLC,New Heather
MER3N5P7AWGR7U5,Smith and Sons,Lake Kevinbury
MERLXSBZNU5LYTU,Barnes-Roberts,Port Grantfort
MERT7OA8XC77HJ1,Williamson-Contreras,West Dianaview
MERPAMYV4SYG8KK,Cole Group,Port Briantown
MER8QQVJD1FTCWC,Montgomery-Larsen,Lake Patriciaborough
MERMJNO5ZJIG56Y,Gomez-Foster,New Michael
MERUUA2FSWYI9UD,"Jackson, Knight and Miller",Port Justin
MER0JMGLEH597T8,Meyer and Sons,Rebeccaport
MER4TJ08YIX70RD,"Mitchell, Brown and Benton",Bennettport
MERXQX6N7C0Z5XP,Nixon LLC,Tylerburgh
MERYKJVSZHZQHZV,Barrett and Sons,Port Susanbury
MERJLZ9R01G5VOD,Saunders-Lopez,Emilyport
MERXUMUBOAJ9GAI,Hunter-Ward,New Amymouth
MER9QCWPBV1EWMQ,Garcia-Brandt,Cherylhaven
MERFHY31WGC27O4,"Newman, Koch and Baker",Johnsonmouth
MERPPL8MSBA0UM4,"Hodge, Buchanan and Rose",West Christopher
MERCV31S3N713Q0,"Cantu, Carey and Davis",North Loganview
MER871CEH865MVG,Henry-Baker,Carriefurt
MERXEE7FNZQY05I,"Hull, Rodriguez and Edwards",New Lawrencebury
MER527L0X2GD0WB,Gonzalez Inc,North Colton
MERZCR2C8V747FC,Andrews-Wilson,Williamsburgh
MERDNDAL3HZLT1S,Morgan-Torres,Lake Aarontown
MEREQNP2NEP1WT2,"Wells, Butler and Ayers",North Brianna
MER4CBW6XWRBJHD,"Ryan, Malone and Morris",Walterview
MERD1CUHWDB7P57,"Harper, Lewis and Buchanan",Hollowayside
MERJA2U8N3VCOTV,"Sutton, Mclean and Aguirre",Lake Dianeview
MERG9ESEM3XV7HY,Gonzalez LLC,Oconnellport
MER31DO5JJKHQEC,Hickman LLC,Lake Johnmouth
MERJ05HSBTIUERK,Rich Inc,New Lori
MERHWBCKJYQCS23,"Hernandez, Davis and Levy",South Michaelberg
MERW4Q2S0M8OLVC,Diaz-Harris,North Alice
MERSELR488C30RP,Giles Ltd,Smithhaven
MERQOQ1B6OZCOYP,"Robinson, Walker and Petersen",East Virginia
MERI170PGIXDE07,"Kirk, Johnson and Glover",West Christopher
MER8PICMH29SWZQ,Morgan and Sons,Robinsonview
MERPAIAUAIJOJM6,"Hall, Foster and Turner",Lake Luis
MER9CDWOZS6M05Y,Freeman Group,Fishershire
MERQRLJ7JJ0QPIS,Silva PLC,New Andreborough
MERNDY22AUB33EG,Mills LLC,Herrerabury
MERXLB3TT8WTLCV,"Lynch, James and Jones",Port Brian
MER0OF8FCDORAUW,Herring LLC,Shermanfurt
MERR76GBLFXKC0C,Jacobs LLC,Gibsonton
MER7ZP8QX7RLA6C,Reed PLC,Smithburgh
MERN5U3ZZNS14UR,Hale Ltd,East Angelville
MERPKSJ6NLJNO55,Wilkins LLC,Lisaport
MERXH3OUHAIATZ5,"Johnson, Smith and Johnson",Lindseychester
MERQL9P1P5RRESM,"Miller, Bowman and Dickson",North Sharon
MERKSGES75LPWLD,Summers-Singleton,West Julieland
MER9D2WWWRHCCQ7,"Ferguson, Krause and Wade",Danielmouth
MERL19LBSK5CT87,"Hansen, Williams and Mcdonald",Lake Allison
MERU0G5W6RTE11F,"Taylor, Wade and Lee",West Thomasburgh
MERSJOZLVXP82Q7,Lynch-Gutierrez,Tracyberg
MEREBQUSM8LT2RO,Castillo-Mendoza,Williambury
MER4URVJVI1YOFG,"King, Frazier and Lopez",Michaelfurt
MER2YGUHJHIP41G,"Villarreal, Pittman and Dixon",West Tamaraberg
MERPS40E88EIZ3X,Simmons Inc,Joannaview
MER5K72RO8W28KI,Rodriguez-Vazquez,Anthonychester
MERRGCH4HTJUF1B,Joseph-Harris,Davidburgh
MERGDDWPZNUDLC2,Howard-Huff,North Lisa
MEREQG2KLVZK9R3,Williams-Moran,West Melissamouth
MERBCQS2069X1G4,Woodward-Rogers,Steeleborough
MERTZD7I06HOD11,"Craig, Nielsen and Singleton",Alanchester
MER125MDK4KC4FU,"Coleman, Daniel and Pope",South Crystalshire
MERQQG0QVXLLT0A,Ramos Group,Lake Isaacburgh
MERM57G4D0BRZEE,Ramos-Gibson,West Tonya
MER2FK74LSUXHL9,Doyle and Sons,East Nicholas
MERSD33TDXZVHZW,Gibson PLC,Matthewland
MERKEVTVFNNE354,"Lee, Brown and Livingston",Port Summerberg
MER4A4S2TQGJ1BL,Brown-Hayden,Joneston
MERZANDCHXJ16WV,Wilson PLC,Harveychester
MERW6QWFWDDIOAD,"Nelson, Herrera and Smith",East Ashleyberg
MER4HHEYJEVKCQP,Meyers Ltd,North Jonathan
MERXFQ678OE3XUX,"Lee, Morgan and Soto",West Lori
MER43VP79DEA8DR,Diaz Ltd,Lake Dustin
MERMVHHU0GO9TH6,Peterson-Dougherty,Terrellstad
MERUGAP8X803XYL,Williams-Valdez,East James
MER1X3CLS1LOZ2K,"Jackson, Farrell and Farmer",Kevinfurt
MERBLY3OHIJ95FX,Knight LLC,Port Lindseyburgh
MERLYJNY0X2H45O,Gardner Group,New Gregory
MER6P7CFBH45XBT,Spencer and Sons,New Kelliview
MERO90OBMKTWMY8,"Cole, Tran and Davis",Johnathanmouth
MERRM9HVRO8EB17,Mcmillan-Jackson,Lake John
MERXAFILEXYTDI9,Mitchell-Perez,New Anthony
MER7AT12T4OHNGX,Garcia-Jackson,South Courtneyside
MER23XLK0Q89NVV,"Hobbs, Parsons and Marsh",North Lynnport
MERO0D8X206MBDU,Velez LLC,East Alyssaside
MER5WIIVBVR3KHL,"Brown, Morrison and Ritter",Lake Nicholasport
MER8RQ4PJ1NS2P7,"Roberts, Gonzalez and Clements",Lake Rebekah
MER4NXMADYDNW01,Dillon Group,Martinbury
MERYB4O1O69OX81,Greer-Alvarez,Port Shannonville
MERIQT2LXMFS6VS,"Haynes, Melendez and Proctor",Langberg
MERXB5P2JBL7S9H,"Vaughan, Ballard and Benson",Lake Pamelatown
MERCP4V8FRF8NPD,Gardner-Mejia,Perezton
MERLS9ZC6KBE11B,"Valentine, Leonard and Jennings",West Carmenview
MERGM9EVYJMSNVZ,White and Sons,Port Cassandratown
MERRJW4VXAUERDJ,Morton Ltd,Sarahmouth
MERZVN0EWUMPTZT,Beck-Dyer,Elizabethborough
MER9Y2TW22W4JS1,Lewis-Marks,Rayfort
MERYRIGNRJ0UIRZ,"Fleming, Carr and Hall",South Andrew
MERKVZDOBFPZP12,Smith-Joyce,North Matthew
MERCW2DSB6MKB5A,Miller Ltd,North Tyler
MERPX0A9N5Y0S5A,Williams Ltd,Lake Luisville
MERKAVUZ4I7O6HU,"Morris, Arnold and Montgomery",New Latoyaville
MERPI2PUXK5CW11,"Brewer, Adams and Smith",Lake Joseph
MERF1PA1REHJ84K,Johnson-Hernandez,Valerietown
MERQ58V454WUBH5,White and Sons,Morrisonburgh
MER8HPOINGVW5TT,"Smith, Winters and Bush",Port Dianachester
MERB7N67K6OQKSG,"Henry, Henderson and Brown",Contrerasborough
MER0O8SQ9YXS81K,Harris-Beltran,South Robert
MERMVTIQST0QPVL,"Beard, Ho and Hughes",East Jason
MERHIDMWHVJTGAJ,"Nicholson, Joseph and Obrien",New Shanemouth
MER2F73QTDVCNO0,Alvarez-Roy,Mayerside
MERZE63TT6GVMDT,Smith-Roberts,West Ryanside
MER41F5G2VYLU65,"Meza, Johnson and Figueroa",Johnsonborough
MERFA1O3Z9UPWNW,"Richardson, Patton and Gutierrez",West Jeffreyton
MERR7B72597YIZW,"Brown, Roth and Reyes",Jasonhaven
MER1INIEMVP89QU,"Ramirez, Barr and Murphy",Piercefurt
MERW5IESFX4O3PS,"Rice, Green and Ryan",Robinsonborough
MER4C1XIVB0030I,"Macias, Stephens and Hoover",Port Debra
MER74UCUGAHW820,Huerta-Scott,Masonville
MERQ7NB5ON21FLF,"Anderson, Stein and Harris",Fisherville
MERVGARNWLP410H,"Romero, Smith and Vega",North Francisco
MERVCB8M17KVPRM,Mcdonald-Becker,Brianport
MERKAIU0V84MQDG,Washington-Johnson,West Eric
MER1S66I9RCMVHA,Fleming LLC,Ianview
MERO0C6D04NO57V,Cooley-Watson,Amandaside
MERDYTE50I4YVJX,Stewart-Jones,North Williamhaven
MERTURCJX4R2DPA,"Rojas, Rogers and Rollins",Lake Jerry
MERJXQV284BPPKX,Rice and Sons,North Dawn
MERF4HAAZNEV4JU,Rojas Ltd,New Amyville
MERM851FO2HXYAE,"Palmer, Anderson and Dominguez",Robertsonfurt
MER5NX5R4H4LEPU,Johnson PLC,Bautistashire
MER3IH3TQHFYVEG,"Perez, Rodriguez and Allen",Jenkinsview
MER2RYB5HKJRJBR,Medina LLC,Matthewview
MERATGR27MBMY5C,Larson-Mcdonald,Marciamouth
MER61OGKQT9N9GQ,Ferguson-Powers,Burnsfort
MER2GI8NIYV3NZH,"Gregory, Caldwell and Scott",Port Blake
MERPZNNFKBWRDNM,Osborn-Williams,Hardinberg
MERHPCUIRIREWQK,"Williams, Sullivan and Whitaker",Port Tinamouth
MERA9U3KNSKGJ4E,Barnes-Hughes,North Bradley
MERAR0ZRBWAL91S,Lawson LLC,South Gregorystad
MERPR5JIYB5RVUW,"Davis, Morrow and Matthews",Ronaldside
MER2HJEOC735DL8,Pitts Group,New Cheryl
MER3CFFYR7JENEK,Cunningham-Jimenez,Lake Johnny
MER3JSZYZMH0VCJ,Lopez Inc,Jonesbury
MERIL3FOC2MXIOT,"Mason, Stewart and Kramer",Williamchester
MERJ376GVOSRUU3,Moore-Fisher,New Angela
MERAE4BYQDYEHN6,"Wall, Carter and Ford",Pittmanborough
MERW9FB2AYC3BA8,"Cruz, Dennis and Orozco",Reillyville
MERYYWTF52K07A5,"Reilly, Garcia and Martin",North Dianeside
MERRJSWJXM5EBX0,Keith-Ware,Valenciamouth
MERLZ0OK7ILHQOE,Myers Ltd,East Johnmouth
MERUXSSNXPSQ47I,Larson-Walsh,Emilyton
MER7ECUI28QO85W,"Campbell, Gilbert and Robinson",North Jessicafort
MER46B71V8J0T1V,West Ltd,Schwartzfort
MERKEHKMG1IVXN1,Hoover Inc,South Johntown
MERHI2S9TS7AS1M,Smith and Sons,Dannyport
MERVCTFVSSHAK0A,Young LLC,Gonzalesstad
MERAVYXNXGE2LCC,"Hampton, Martin and Gray",Blackburnbury
MERJLZK6BIXBM3A,Walters-Fleming,West April
MERV01ZQ6N83MNT,Hammond-Garcia,West Pamelaview
MERR5EEK7YPLDXO,Ramirez LLC,Shawnside
MER7VN8IG8LUC5P,"Gomez, Harris and Morgan",Jillfurt
MERFG922C7PDAT2,Key and Sons,Nunezview
MERQTHXUKLZYAKK,"Young, Johns and Maddox",Heatherview
MERONA83P672ZW6,"Miller, Hernandez and Kennedy",Oscarbury
MER0PXLEARBU15H,Huff Inc,Lake Zachary
MERSHRPAKT3HYQT,Boyer-Orozco,Hansenmouth
MER2T44SBFZXUEB,Davies Group,South Robinchester
MERJYEUARS1OR8U,Compton PLC,Liushire
MERHNDUSTWW1XAT,Martin-Munoz,Robertsview
MERMFAGPQ3MLLJ0,"Davis, Ware and Turner",Lynnstad
MER840UDKYX2ZYN,Krueger Inc,Rhondaport
MERZX36F7PUPPW2,Owens-Johnson,Francisborough
MERT3FEDWZ1LTDB,"Gibbs, Arellano and Livingston",West Pam
MER9E8D4RGXPQAB,Farmer Group,Hernandezville
MER06MGGXYZIM73,Suarez-Green,Port Logan
MERV6Y4T08COUUS,Jones Group,Sanchezburgh
MERZXBII4IOBL17,"Kelly, Marks and Harper",Johnchester
MERJ4F79QP0CJO7,Bennett-Butler,Walkermouth
MERHSF9EA521EZN,Russo-Thomas,Travisburgh
MER6H6JKLBSXDYF,Bowen-Mccullough,Thompsonshire
MERQB4UXNTRJZIM,Smith Inc,North Felicia
MER2LVI8J75WUUZ,Patrick-Adkins,Brandonside
MERMSLG08C8KC4U,Price-Trujillo,Danielbury
MERQ2O8L8KEZTK5,"Robinson, Avila and Garza",Elizabethville
MERMYCPS30C635K,Douglas-Brown,Hannahborough
MER6DOXQ3NLGWXM,Figueroa and Sons,Sandraburgh
MER7S47NGWEEPW6,"Velez, Long and Leon",Austinport
MER7AAEPYTC1CI5,"Barron, Larson and Turner",North Brittany
MERU0DQTCAS9R2I,"Blankenship, Cooper and Mcintosh",Tonyaview
MERPX8EGQR0IL55,Adams-Bailey,Mooreview
MER0ZPPSSUQ3V1K,Kelley LLC,West Joel
MERAKEPFWI24W12,Strong Ltd,Mahoneymouth
MERL8B2QSRMSK2C,Black-Bradley,East Allison
MERSCR8JY5MSSGJ,Butler-Wall,New Brandy
MERA2G3CB9CQDUW,"Jordan, Brown and Gallagher",Sanchezhaven
MER6CK524IJFT23,Lynch Group,Lake Mark
MER5RWCHTI74E48,Warren Ltd,Port Sarahstad
MERA6EHQLSJF77A,"Myers, Robles and Watts",Martinchester
MERZ672ALGH4BMY,Mcmahon Group,East Christopher
MERNXDLR03T04S0,Sloan Ltd,Jessicaland
MERRZJ4MIO5SM8E,Howell Inc,Tinaberg
MER29YANRZG2264,Wilson Inc,Lake Ashleyside
MERE2K6IDQN7VUA,"Edwards, Daniels and Barnes",Joshuatown
MERCMHOE0JPRVN3,"Coleman, Brock and Burton",Michaelberg
MERAOIYMRVYHOCL,"Barrera, Velez and Austin",East Jacob
MERVSNBT4FN0FLE,"Jones, Richards and Munoz",West Tonya
MER3HOC0FR4KZO5,"Bond, Lynch and James",West Johnshire
MERX369RND158F5,Snyder-Ryan,Janetfurt
MER246LXNLWOZPS,Abbott LLC,East Kimberlyville
MERG0OPYVDL6E1C,"Ortiz, Frank and Ponce",Davidtown
MERCFV1WICMX157,Rodgers-Sullivan,Johnsonburgh
MER8QGF63FXQTRT,Blair-Cameron,New Kristenhaven
MERVAXJJ3XQ8N4M,"Holland, Lewis and Davis",Carlafort
MERVHS4C0Y1D6LX,"Robinson, Flores and Torres",East Jacquelineberg
MERBVIKDV6EHFVA,Reed PLC,South Steven
MERGF6DMKFX4VN2,Campbell Group,Rayport
MERSO8KQQ6YKSE6,"Morales, Maxwell and Singh",Lake Maxwellfurt
MERVN0VCNNN9ZAD,"Gray, Clark and Walker",Allisonton
MERV7R7EOTJO3OV,Knight-Ramirez,North Victoria
MER190J52GKI3LW,"Clark, Martin and Castillo",Hamptonland
MERQMYN42Z9QXRR,Serrano Group,Thomasfort
MERC8300UPLEQ8P,Flores LLC,Dylanborough
MERKPRA6NSRDS18,Simmons Ltd,Hoffmanview
MERV1LZPAAVN758,"Bradley, Berg and Martin",West Angela
MERJVV7D5SXTS3H,James-Ortiz,North Earltown
MER4D1B0Z30XMP7,"Alexander, Jacobs and Taylor",West Georgefort
MERK7D68HNSJAM2,"Gonzalez, Roy and Rubio",Ericton
MERQ7X16JWVPOO2,Jones LLC,Port Michaelburgh
MER0JVG4UUH9DYG,"Hurley, Ramos and Armstrong",Davidmouth
MERJL1OHR94EIAZ,Mitchell Inc,Andersonmouth
MERBX7LBRXRIH43,Hernandez LLC,Kirbytown
MERRICEWV9562GU,Mullen-Rivera,Brownton
MER3OBH0KM4Y20R,Moore PLC,Port Luke
MERKXHRU9CUBV7C,"Peters, Goodwin and Adams",Lake Christopherfurt
MER4TWOIHKY3TCD,Miles PLC,Heatherport
MER1QKJVUB4D4LK,"Johnson, Whitaker and Jackson",Johnside
MERT4LHAASN3I4I,"Campbell, Long and Hicks",Lake Claudia
MER47K9QMDL3N6O,Weber Inc,Fernandezland
MERM3L554MFG7QH,Hill-Marquez,Villanuevafurt
MERLQ9CF3EUGLCE,"Olsen, Brown and Smith",Tuckerbury
MEREDPU6DFPQYO9,"Davidson, Calhoun and Brown",North Harold
MERNL7PI9SVGHS4,"Ramirez, Ortega and Wilcox",Walkerborough
MERXZCL6TYOFRNG,Benson-Zimmerman,New Jasonmouth
MER6CKFY12DMVO6,Weeks and Sons,South Karenborough
MERRCWV0LNN8QUN,Smith-Howard,Kimberlymouth
MERH9RXJVJ71FMM,"Rodriguez, Scott and Moore",South Spencerview
MERXMDX9GQ64YPI,"Hall, Strong and Henderson",Michaelfurt
MER5BVVNXNITWKP,"Torres, Carter and Sharp",South Carl
MERVK2842JPUFO7,Jimenez PLC,North Markbury
MERBRXIZ68BFL4H,Wilson Ltd,South Joseph
MERKB8YN67TS6OH,Wells-Johnson,West Thomas
MERUDME6N8JZNCS,"Henderson, Tucker and Fox",Danielbury
MER8Q5IZG89D3KE,"Hahn, Collins and Benton",Jamesmouth
MERMLZN67Z2P9JM,Chambers PLC,East Timothyview
MER71Q7PF7K1MBO,Ford-James,Michellechester
MERY1N6ZCRT18O8,Harris and Sons,Bennettberg
MER8QJCY5SN2R96,"Anderson, Bennett and Price",West Alex
MERDKGEUOC34IXW,"Weaver, Harper and Archer",New Christophertown
MER4VUX390K9N70,Wright-Waters,Port James
MERJUK8EZ8PL0Y4,Ward Ltd,East Rebeccafurt
MER4X63SMN2Q95D,Miller and Sons,North Christine
MERQUM92LEVSUG7,Mckinney-Warner,Hayesmouth
MER8K5PFGRTSKNN,Walker PLC,Lake Frank
MERMZTCIE8HLOYT,Hogan Inc,South Amandaside
MERKKDWS5EYU80Y,Hicks LLC,Codyside
MERSYJ8DIFHZUTI,Johnson-Allen,Danburgh
MER6DG2VJSDGCMO,Lopez-Harris,Earlburgh
MERZ5ZSRSG1P1X3,"Mccarthy, Rogers and Garza",South Davidhaven
MERYZFEBBTSUFD9,"Johnson, Church and Owens",Gonzalezstad
MER1IJWFQUT7MEJ,Newton-Rodgers,Danielstad
MERV8RH5OE6WC63,Davis-Lambert,North Maryton
MERJ7RN8YUB6F5Q,Hunt and Sons,East Paulview
MER493R7CZAQUME,Young LLC,Hannahborough
MERSV3XP7HDTXHJ,Dillon LLC,Rachaelchester
MERLFAX3QNMRKTI,Shah Inc,Susanside
MERXG45W9GOCCRV,"Dodson, Cook and Brown",Anthonybury
MERCVVSCVYEELWZ,"Williams, Jones and Dawson",Patelhaven
MER79C0IF5N8IXG,"Smith, Norton and Alexander",Vanessamouth
MEREB5XS2IS740K,Baker-Garcia,Randallfort
MERC6UDG55L74B1,Osborne-Porter,Andersonton
MEROHLHAJED584L,"Johnson, White and Soto",West Christopherbury
MERGJWRSNCP3CZ6,Richard-Rice,East Christopherside
MERNN4CEKT2SYCW,"Perry, Dudley and Flynn",Bakerberg
MER3H2IB35N5OS0,"Thompson, Wilson and Cline",West Lisaland
MERAYGXBJWDHR9G,Jefferson Inc,Garyland
MER76KQOMQ7OJW4,Rich Inc,Thomaschester
MERNS0CU4IIZ4C0,Hernandez Group,Simmonstown
MERAEEZGUN4R4N5,Colon and Sons,Scottton
MER8R4FRXND1PGB,Parker-White,Michelleshire
MER8XIOXV6S662X,Hart and Sons,Port Troy
MEROD2YB4HRBRB8,"Scott, Douglas and Moore",Port Chasetown
MERZI44241A07IQ,"Vargas, Moore and Lewis",Stephaniehaven
MERSMQENR5GYOQ5,Gutierrez Group,Jaredmouth
MERGFGATB8BJ4F7,"Smith, Crawford and Larson",Stephaniemouth
MERVKI4XF925HSG,Reed-Underwood,Wallacebury
MER1FO00JIZKRMI,Dyer-Diaz,New Corystad
MERRTVJ6M1BJ3YT,"Cameron, Short and Jensen",Davisview
MERRFTYLLAFTRPY,"Sullivan, Parker and Palmer",Rebeccaton
MERMN4EQNW26BVU,Lee-Carter,Paceburgh
MER84XRKK3MHMW7,"Douglas, Henderson and Hall",Madelineberg
MERT5VZ4HFEE7GN,Cruz-Davis,Johnnyshire
MERCLIO3Z57CIBC,Frey PLC,Ianfurt
MER76GHIKRYOONQ,Morales PLC,Port Chris
MER6JE6YJK61BL7,Spencer Ltd,New Michellebury
MERAXMDK7067DPT,Smith Group,Jamesburgh
MER2IHMF5MJ00HE,Hicks Ltd,West Patrickstad
MERXMPFDC9I5NNP,"Richmond, Scott and Stevenson",Joneston
MERCNXJLMH3EYP7,Martinez PLC,New Kelli
MERZOQ532FK2XMW,Jackson-Williams,Kristinberg
MERNXU97JWJSOCT,"Wise, Robbins and Jenkins",Steelebury
MERSDKEEMOGHX7X,"Le, Gates and Joyce",Stephensland
MERBTCQIBB89VME,Butler-Chavez,Burtonton
MERXHRHT8PVRAB6,Baxter-Hurst,Lake Jeanettestad
MER9IO4H6ULD8U4,Roberts Group,Aarontown
MER2450Y4M1M1LX,Myers-Smith,New Amber
MER1EXJ0GSUGT99,Jones Inc,Thompsonburgh
MERLR3YAVU8AL77,"Moon, Flores and Bradley",Port Richard
MERWFDYKYCWO8QX,Wilson-Rich,West George
MER9ZA8WL99U5T5,Roberts PLC,Port Robinburgh
MERTFM9NW90EB3W,"Schneider, Morris and Patterson",Gonzalesberg
MERD5ULBEWBO0Z2,Mcdonald PLC,Port Julieland
MERV16VNCTU1DQX,"Miller, May and Young",Elizabethborough
MERBL5L6D1TRXPR,Stewart Ltd,South Olivia
MER3HNH3KD1WQZU,Butler Ltd,Amberchester
MERYAQETQ2ITN0R,"Douglas, Taylor and Jones",Timothyberg
MER8OYJ58MF1IF3,Dixon Inc,Smithton
MERVU1V8Z5RDKE4,"Foster, Christian and Soto",Bradleyfurt
MERT726INWP4ECT,Neal-Bennett,West Neil
MER6LLV17EBLKA4,"Atkins, Browning and Rhodes",Juliefurt
MERWE95EZYB8N41,Jones Group,Melindaburgh
MERTACBDYGPZGXF,Barajas LLC,Katrinachester
MEREYXBEI5FYL5Q,Key Ltd,East Melanie
MERBA3G7YKRPQHR,Hall-Velasquez,Finleyborough
MERV6RINDE8F23S,Mcclure-Marquez,South Ginafurt
MER7KHT0EW3TRYV,Rollins Group,Morrisonland
MERK22NPKRTM3XL,Solis-Hanson,New Amytown
MER5BY46KLHMYXH,Perkins Group,North Kimberly
MERDP71SMRKMQ3V,Hatfield-Evans,Gallagherport
MER4S649V8CTELC,"Meza, Kelly and James",Macdonaldshire
MERO99MVQ73SQAH,Larsen LLC,North Omarshire
MERJ4QA0SKEX1SM,Mcdonald-Cline,Harrisfurt
MERDYWIVGLXVNM7,"Rivera, Scott and Blackwell",Pooleport
MERAA64EJX0DH37,"Nguyen, Ferrell and Jackson",Port Josephshire
MERPJSADGB0ZJ04,Bowman-Schroeder,Lake Christopherland
MERSBY6UWZM55ZY,Benton-Holloway,North Candace
MERIEKPJOGU1PQO,Nicholson Ltd,New Amberport
MER8DQL1Q2VXXU2,Flowers-Collins,New Ian
MERU3MSS1C2E1EO,"Williams, Carter and Mccormick",South Maria
MERH8JE43SRBR9C,Ayers Group,Port Danachester
MERXM0KB4QIIEXG,"Shepherd, Gonzales and Hayden",Justinport
MERFJ7QJO8I48WE,Robertson-Perez,South Conniebury
MERDJP4LF8XOUNV,Jones-Smith,South Michael
MERJ6OB84NYQH41,"Taylor, Osborne and Roman",East Benjamin
MERZSCJTJTQO7XW,"Smith, Mccullough and Jimenez",New Cherylville
MERVJE4GB1Y2AMJ,Moss Inc,Thomasstad
MERZ9OH2AOXR58R,"French, Gordon and Horne",Lake Geoffreytown
MERUWLTDLM1HXVK,"Cohen, Lee and Allen",Port Ericville
MERJ9CC2L44AA3J,"Hughes, Wade and Cooper",Jamesbury
MER9NGHGAVNJ5C3,"Smith, Lucero and May",East Alexismouth
MERMN4RA2XUY92M,Fernandez-Williamson,Jeanfurt
MER4IM1R03FV5MA,Martinez-Anderson,Riverachester
MERD5UDUWAGGB7B,"Wolfe, Williams and Rush",Barnesview
MER4WWIQBY68LCC,Hodges PLC,Barnetthaven
MERX5LDFTVMLKWO,Johnson LLC,Rodriguezfort
MERJAIW7X6IDZ5P,"Horne, Lane and West",South Amandafurt
MERINWZ78BO3OTC,"Thomas, Johnson and White",South Jeffreychester
MERA3OWZ5G9NFAJ,"Wolf, Allen and Klein",New Patriciamouth
MERW5E29I5DAG1U,Blair-Cole,Jonburgh
MERA958G3O6BCMA,Cox-Bailey,West Kenneth
MERUWHCFXMMX5DQ,Zavala-Powers,West Bethshire
MERZ35LHA66J945,"Moss, Proctor and Davis",New Mariaside
MERC9LHNQ9E9BG3,Edwards PLC,Port Laura
MERPZGBF3BKV12V,Cook PLC,Russellstad
MER0WBXAACF5STD,Butler Inc,Fryebury
MER9P8JSVE8K1JG,Silva-Miller,North Jenniferbury
MER5UE1R7UKTQ71,"Johnson, Payne and Tucker",Taylorview
MERRHHREZN5HKJH,Young-Ramirez,Stewartport
MERNCJSS405GVZH,Murphy and Sons,Donaldton
MERQZ1Z4ZIWFKZF,"Cruz, Acevedo and Cobb",Crawfordbury
MERB1PZWE6L1NV1,Barr Group,Lake Stacey
MER50RKJY3E6R7Y,Jordan-Turner,Lopezburgh
MERBAX6KB05R75M,Brandt-Pham,West Lynn
MER8IVS9KAJOT68,"Nichols, Walker and Ball",Perryborough
MERR7DQ4Q3LLDAE,"Blankenship, Love and Proctor",Smithland
MERJSH0OBDDPWQX,"Harvey, Patrick and Walsh",South Lauraton
MERRLBD33HPSCWU,Ramirez and Sons,North Caleb
MERDISS7O6YC85W,Ibarra Ltd,Lake Angela
MER3I391FMTPKXG,"Duncan, Kelly and Christensen",Oliverchester
MERLYPRNQ8VIU90,Adams-Stone,Bautistabury
MERHEEOXN6NMW6F,"Estes, Erickson and Bishop",New Wayne
MERRG3TMAK2SCV8,"Baker, Grant and Maldonado",South Michellefurt
MERGXWID65AMGV2,Wilson LLC,Whitakerburgh
MERJ13WDU97EAUK,"Cooper, Clark and Hill",Charleshaven
MER6VOALRH13P95,"Blair, Wilson and Newton",Port Jesse
MER0IGETWRAY574,Nichols-Briggs,East Tammyfurt
MERZ2O3ANR1ORRN,"Li, Kent and Cantu",Carsonside
MER3KQZS8KGMOSR,Johnson Ltd,Lake Melissa
MER2N7LPO9Y4HDC,Brown-Allen,East Brittanyside
MERK8E7LWV9QT7Q,Stevens-Ross,West Cathychester
MERRVGY4JQOVOLR,Miller-Cook,Hudsonfort
MER04YL11UMNQ3L,Gonzalez and Sons,Brittanyfurt
MERFZ31KT30EBV3,Powell-Miller,New Chris
MERM7U4R5BT9R3L,Hernandez PLC,West Shanefort
MER8N935KABIFIA,"Hodges, Boyd and Lewis",Emilyhaven
MERSP1QKYSYY91T,Stanley-Miller,Devinberg
MERUVX0JHJH83J2,"Kent, Johnson and Eaton",West Laura
MER4DYIA21CB7R0,Wright Group,East Josephtown
MERRPFHAMX7N2UF,Smith Group,East David
MERINTLY2Y6SVN3,Miller LLC,Lake Troystad
MER4J24LUC5A0UE,"Salas, Wallace and Daniels",Jonton
MERLY1K0QE7BTCU,Baker Ltd,Lake Richard
MERTGLW7UD3VV4E,"Miller, Long and Miles",Seanshire
MERS93B8HIS5EVQ,Hall-Burgess,East Kellymouth
MEROGF6KDZ3H4D5,Phelps-Lopez,Courtneychester
MERCOGEEC381985,"Peterson, Hanson and Lewis",Lauramouth
MER3W2D3NSVZPUK,Fuentes-Jarvis,Williamsburgh
MERH0LC1XF0TJFG,Monroe and Sons,New Elizabeth
MERWY6VRU29Y6V2,"Pham, Tran and Nelson",Robinville
MER457I8L4V5PR1,Pham-Davies,Smithton
MERX6OWURLJCKSM,"Becker, Ellis and Campbell",Ashleyview
MERTVI6ST9FMDEN,Nixon-Rich,Benjaminberg
MER2GA2ZQNU5WNL,"Sellers, Tyler and Rodriguez",East Jameston
MERCQU4T9HERNF9,Hicks-Morris,North Christophershire
MERXNDWRWSIEE7R,Rodriguez-Hernandez,Thompsonside
MERK3VY8VAYUBDU,"Gould, Rodriguez and Craig",Port Stevenfort
MER6S1JKYT08427,Young-Lee,New Taylor
MERSBZYVSON311L,Gallagher PLC,Ronaldtown
MERCPPSY1MBZKIT,Martin-Ward,Catherineshire
MERM3Q7I2TYS28P,Wilcox LLC,New Lorettastad
MERQS60DIXY4TXI,"Yu, Garcia and Sanchez",Millsberg
MER8HO6L6LT1EQ0,Brooks and Sons,Daisymouth
MERQYOEDGE38OV1,Brown and Sons,Myersberg
MERVHA77PZBFW2X,"Thomas, Beard and Donaldson",New Craigfurt
MERDDWPTSN69VFJ,Williamson-Garcia,Meghanhaven
MERVT0BD6AHJ8MG,"Miller, Hansen and Calderon",Lake Michaelville
MERNX48PBSXEQC2,Scott-Farley,North Jessicaville
MER2HK05A8SFT7R,Stephens-Price,South Douglas
MERDOHTAORDAQC7,"Nguyen, Schneider and Gray",New James
MERT9GFWC7HJDNK,"Griffith, Ford and Nguyen",West Meganmouth
MER84A1IL9YQ5Y7,"Ramirez, Campbell and Fuller",Jerryland
MERJPAW0Y4O6WLV,Hernandez PLC,Bakerview
MERA74GEO6BXUGX,Hoffman Ltd,Owenside
MER9WUJ8Z0CMUK2,"Benson, Delgado and Morales",Benjaminbury
MEREUX21KMYSLZ2,Tanner LLC,West Jennifer
MER4M0W5CNUOSG6,"Wilson, Smith and Melendez",West Brandyhaven
MERJTQUASZZ97EA,Garcia-Odonnell,New John
MERWATN0G7SX74Y,"James, Garrison and Jackson",Bestside
MERB4903FUVDVEA,Morrison-Stark,West Samanthastad
MERCDPYI6XDMZBR,"Smith, Rodriguez and King",Brianbury
MERICL8ZKGAXL5Q,Cannon-Hopkins,South Timothy
MERHAHQLUGLR8UH,"Williams, Cruz and Benjamin",Lake Joel
MERI0ADFRXCSE2H,Wood Ltd,New Michael
MER7ZLYO82XGGOM,Lee Group,Lake Lisahaven
MEROMSC906M6GPR,Oconnor and Sons,Crystaltown
MERF7VPZD2WFRLZ,Collins and Sons,Rodriguezland
MERWY2BP1H95D5A,Johnson LLC,Cunninghamton
MERI7C9G38VU2EM,Calhoun Inc,North Zacharyview
MER000KK0WX8BVU,Campbell and Sons,Grahamfort
MERPO6ZR1S5BSI0,"Reilly, Heath and Garcia",Lindsaymouth
MERZKVPR9RIPLZ9,"Hawkins, Allen and Phillips",Michaelberg
MERM0YDFTPWYVAR,"Howe, Cruz and Jones",Kyleshire
MER6T16WQ3CJZZF,Bernard-Allen,New Thomas
MERV16O59213LM9,Galloway Ltd,West Sarah
MERWQAIFSJC925U,Gonzalez LLC,Burnetttown
MERXRPVPGJE8DUD,"Nguyen, Oconnor and Reynolds",Port Timothyhaven
MERFGDFUE9OLYR0,Porter PLC,East Patricia
MERVV1VXSW7B649,Taylor-Holloway,Miguelhaven
MERSNG1QYQNFICS,Todd-Lin,Brownton
MER7PZMOW6Y59H5,"Rodriguez, Thomas and Owens",Zacharyfort
MER1QQ2F9SEU00Z,Miller Inc,Tamaraview
MER9ACQBPZNUKX4,Kelly-Brady,Kimberlytown
MERX3PDKTETTWV8,Miller-Castro,Port Jackside
MER4KL1S5VG82LI,Webb-Ortega,Ramirezmouth
MER92TEV1HCAYHR,"Williams, Wolf and Kirk",New Nancy
MERF5GRJY7ZIHNQ,"Robinson, Garcia and Garcia",New Shaneville
MEREH1N8HZZNZ6K,Roach LLC,Robinsonshire
MER50F5KZUKAOG6,Lewis-Simmons,East Thomas
MERXHHNUM21VW9T,Flynn and Sons,Johnchester
MERY6ZWTL9WPKBW,Lester and Sons,South Danielbury
MERRZ988H32X1I2,Murphy-Walker,North Robinland
MER19B9IJFA4W7T,Novak-Evans,West Ericport
MERQ9TZU9GA3HVF,"Garcia, Gamble and Cook",Roachside
MERIBW5MFLHW2MO,"Lowe, Wong and Casey",South Andrewhaven
MERU0GX4LZPMXKF,"Durham, Travis and Perry",Port Anna
MER1VDQAP2NOAOQ,Miller-Lewis,Lake Michaelville
MER6RE58Z077H45,"Walker, Duran and Smith",Vasquezchester
MER288IEMG7UC9O,Powers-Nelson,West Pamela
MER9PH4HKUHKTJQ,Myers Inc,Perkinsbury
MER3ZLFFRZQMPKR,"Chandler, Lee and West",West Blake
MER1LHMA545J6YK,Bender-Parks,North Shannon
MERF9L79XSFQ8I6,"Castillo, Sparks and Kidd",Michaelstad
MERK0OHEUA6J97E,"Rice, Fields and Stewart",West Holly
MERCQ01NT3FLM6W,"Vega, Scott and Wells",North Carrieview
MEROHA2BUZTEJRT,"Moore, Stout and Thompson",Robbinsberg
MER5WZ68VK2L9P7,Torres-Newton,Reedton
MERJ7G4E8X05IBN,Hall Ltd,Port Jennifer
MERIFH761ORG421,Evans-Harris,Ellenmouth
MERG3MVO334HQ5Q,Hunter-Bradley,Nicholaston
MERLVO6D5R5TYPP,Wiley Group,Davisside
MER050EB8B7IZBH,"Campbell, Thomas and Frye",Jonathanport
MERNR03Q40ATI3S,"Bailey, Thomas and Jimenez",West Lindsay
MERVPAP8O6I4YZ1,"White, Williamson and Miller",Brianfurt
MERC59HVJ33JVTY,Shaw-Leonard,Port Antoniotown
MEROCFZITOK2MP9,"Warren, Watts and Jones",Davidfort
MERNYPR4TTNWE2D,"Trevino, Cruz and Edwards",Lake Brittany
MERWI9VJ8DXW18L,Roberson-Rosales,Jonesborough
MERS8MHUNHC1HCV,Neal Inc,New Judytown
MERA3IUW4FELNBO,Johnson PLC,New Jonathonbury
MERKABBS5201LY1,"Clark, Scott and Porter",Waltertown
MERCD9TT4M5DXZ6,Burnett PLC,Port Mary
MER3GG7SN85VY0V,"Becker, Knox and Mack",Francoberg
MERDENQ3BQYCFND,"Howard, Phillips and Gordon",South Lauratown
MERWIH4BY2NAA1L,Mitchell and Sons,Jamesburgh
MER4K76HJQT1RXG,Hayes-Mathis,North Anthony
MERG6KHVJJWFVPS,Snow PLC,Dustinstad
MERF9PVVZ8GQYGS,Hicks-Martinez,Ashleystad
MER3N0KSR61S7TE,"Gilbert, Watson and Collins",Port Michael
MERP2NZ7K4W4HPG,"Smith, Higgins and Washington",South Charles
MERAFYBAJ0EVXBG,Malone-Doyle,Cardenasland
MER2LAKPX8WOA69,Kim-Walker,Port Katherine
MERKJBMYB7QHT06,Myers and Sons,Chandlerville
MERWGQ9PNY2691P,George Inc,Nancyhaven
MERW0LWG2X52VHY,"Brown, Murray and Rodriguez",Port Randall
MERL6CGSZE7P94R,Ortega Group,Terribury
MERMRCR197Q3QLA,Hoover-Mcdonald,East Michaelchester
MERZ6DQ04BYFZIC,Houston Group,Erictown
MERGOK80HOV77GE,Lewis-Bishop,Wattsland
MERVJ2QIG3MW2DY,Walsh Ltd,New Deborahstad
MERNJTVJB36A950,"Serrano, Torres and Butler",Gibbschester
MER7E8EGYSVTPOM,"Henry, Bell and Aguilar",New Amystad
MERKOWAZGRYD0CO,Cooper PLC,Lake Stephaniebury
MER2HIZO8Q1GZ2X,Freeman Group,West Thomas
MERC84BWFQ49Y4L,Manning-Smith,North Darrellchester
MERKHFFTQJNEO83,Gay and Sons,South Joseph
MERBOXCXQ6EVW57,Williams-Winters,Veronicafurt
MERMT8ZLKXNMTIJ,Hodge Inc,Lake Cheyenne
MERFP9EBGRMB579,"Page, Murphy and Tucker",Sanchezville
MERHP3I8U6J53FE,Terry-Douglas,New David
MERQCXB20EDSDMO,Johnson PLC,East Williamchester
MERQAQ7ZP54A5VT,"Crane, Gonzales and Wu",New Michael
MER1HPI05KCGARV,"Williams, Williams and Juarez",Kendraborough
MER2V2JXEZXITAP,Watson-Morales,West Rachaelville
MERR1QK2YBED76D,Wilson Ltd,West Elizabeth
MERX89QRF2P84SW,Daugherty-Nguyen,Edwardland
MERXCV1P98VZWMN,Lee Group,Dillonview
MERTE529LM60C00,Ibarra PLC,East Nicholas
MERZSKSIQGDGOUT,Warren Inc,Henryborough
MERXBO4URFP043T,"Hernandez, Valencia and Martin",Parkerhaven
MER5GTSV77HLS8G,Barnett-Smith,Port Wendy
MER881GPSVJ1KFF,Rodriguez PLC,Ginahaven
MER7WTN44YOJI1E,Martin Ltd,North Taylor
MER4RJMJA58UC0R,"Powell, Charles and Owens",East Tanyamouth
MERP5JRM0CAZGXU,"Smith, Baldwin and Hall",South Lisa
MERERL0BAU67IAG,"Ward, Dickson and Swanson",Lake Linda
MER04AILYRHEDNH,"Levine, Sanders and Hardy",Westton
MER9329DX0S8WQG,Jones-Ramos,Lake Stephanie
MERCUGMQBDRW19B,Williams PLC,Bestside
MERGDXAA8HJDXYN,Townsend PLC,New Ashleystad
MERD636C1LZ8ZJZ,Larsen Inc,Lake Billy
MERHW0UNJ8LQD9O,Johnson-Rogers,Mosleymouth
MER1Z2UHNLM0LAM,Sanchez LLC,Chapmanberg
MERYPL5XDR53J5R,"Terrell, Henderson and Hughes",Jensenshire
MERWDEE815GYCNM,Goodman-Kelly,Priceberg
MERQMQQGSJ29IPJ,"Robbins, Bryant and Webb",North Moniquechester
MERZHL7K84DRPID,Dixon-Williams,Port Christopher
MERSBTMY2SN38WI,Howard Inc,Perkinstown
MERHAFTCAAQP525,Miller Ltd,Ortizstad
MER4A0YI8C923W3,Love LLC,Port Rebecca
MER6PZIK4OLEMOI,"Nielsen, Rosales and Acosta",Phillipsville
MERE1WYLMX9YQD9,Gilbert PLC,South Scottville
MER1KPZPUQU2DW4,"Vincent, Palmer and Harris",Lake Tinaberg
MERQ5WR7FLZM5UX,Brown and Sons,Lake Cory
MEREMBPLU8F9UIE,Vega-Sanchez,South Michael
MERT2N5QREKA82O,Walker-Oconnor,Robertschester
MERBJFOJGUA5H1S,Hudson PLC,Kellyborough
MERAZ29LP80U1A1,"Kim, Smith and Dalton",Samuelbury
MER7OIVQWZZD62M,"Moore, Washington and Price",West Christopher
MERN7RM87EEI4DW,Lopez-Gonzales,Anthonyton
MER8HR8T8NE6F96,Brown Inc,Tuckerchester
MERV7BEZK20STMK,Harris-Barron,South Gilberttown
MER0RIQ8M5XUEQD,Salazar Inc,Mooreton
MER2S8HXQL6TXMH,Horn-Holmes,South Brittney
MER6J0J5KMME3X7,Hendrix and Sons,East Theresa
MERARTHBLUBXEI3,Baker-Ritter,Lake Andrewton
MERMAH5ESKSOKQK,Lawson-Carter,East Davidtown
MERVPA5GPTPA35I,Robles-Baker,Aaronland
MERUYX1Y7TL9UX9,Delgado PLC,Richardside
MERSOSXCQL2RCY5,"Guzman, Mitchell and Koch",New Peter
MERKM9CZQ89YFFG,King-Fuller,Kingmouth
MERW08D1WDIMH5W,"Arnold, Mccarthy and Rose",Erictown
MERX8XELOF5A75H,Davis and Sons,South Andreafurt
MERKRCBX1AVWZHM,Henderson Group,Meyerstad
MERYHSPYTGPBHZA,Fisher-Johnson,Ronaldmouth
MERYBH4ZBPRSY65,"Boyer, Lee and Norton",Saraville
MERRVZ0Q47VUEFY,Perez and Sons,Erikmouth
MER2C8DSJECF8OH,Johnson-Anderson,Larryton
MERP2RVGM5628R8,"Perez, Moss and Campbell",North Cristianberg
MERORPFW0R0YEBZ,Lindsey Inc,Port Tiffanyville
MER45FE7NW2T3A8,Walker-Gibson,Tiffanyfurt
MERQEN6V4C1PTMW,"Carey, Murphy and Alvarez",New Adam
MERRRU686NN7JE6,"Atkinson, Ruiz and Roberts",Rivasville
MER6TS582FBIF08,Flores-Moore,Wilsonshire
MERCMTVM2AZ4SK7,Anderson Group,Lake Lisaburgh
MERARLYR1X5WDPF,Branch-Edwards,North Tammy
MER2XKOX6FMS7R3,"Clarke, Cole and Reyes",Lake Jennifer
MERQQZ0M4MQFXN2,"Martinez, Potter and Waller",South Deanna
MER56EQ2UYLIDI3,James-Dunn,North Anthonytown
MERB9OEQ9AQPZYI,Hicks Ltd,South Justinmouth
MERIVF4MRGXBA49,"Boyd, Cameron and Rodriguez",Carlview
MEROV252BKJLARH,Stokes-Watkins,Lake Timothyfurt
MERJXK33F7A3YEK,Vance Ltd,Weberborough
MERRPL90FJW89HW,Martin LLC,South Alexchester
MER0ATEXJG7BIF8,Wells Inc,New Kimberlyside
MER4G57UOH27ZLW,Frederick and Sons,Cookfort
MERQNBBA48ZYX4U,"Whitehead, Moody and Holt",South Jamesmouth
MERNZSLCFXM86KI,Russo-Patton,South Laura
MERVMQ3S0CF5GRX,Steele-Sutton,Bakerberg
MERMVA0G2SABKMD,Edwards-Johnson,Robertton
MERY7EFIA2I28G6,Mccann-Hernandez,Banksland
MERMH46GXCRLABY,Kelly Group,East Alexandraland
MER347700ZI5DRA,"Short, Gonzalez and Murray",East Zacharytown
MERS4K23UGE5LXK,"Gibbs, Combs and Becker",Chasemouth
MERF922FZC0VDO9,Smith LLC,South Mercedesburgh
MER1S65FG2XIBI3,Myers and Sons,South Zacharyville
MER0FPEW0WRRQXY,Brown-Cobb,Port Coreyborough
MERR3Y06C6JOOS0,Stevens-Bailey,Martinezview
MERHAISDW9DU1PF,"Barnes, Hicks and Burns",South Tammyborough
MER201EWXZX5CSN,Wilson PLC,Lake Mary
MERMQHYETXCXTV4,Price Inc,South Johnmouth
MERUT2NRNWLHCB1,Elliott PLC,East Davidborough
MER0PSGJCO2OU2K,Scott-Miller,Beckerland
MER4MCTXP26D0WJ,Atkins-Huynh,South Jenniferhaven
MERPCNRED78GQMJ,Rush-Johnson,Lake Erinborough
MER75R70PT9XFFJ,Parker-Brown,New Audreyside
MERF3I4UVECB595,"Jones, Allen and Becker",Nicholasville
MER8F2EIL1CIQQM,Ford PLC,Lake Jenniferport
MERP5D2XR3XSD7H,Clay PLC,Lake Ryan
MEREDU21B670WY1,"Hardin, Soto and Richards",Andrewview
MERYPS2MMES79BA,Williams and Sons,Sharonburgh
MERJTYGOZ8ZO6PB,Williams-Foster,Port Rebeccahaven
MERAEOR7PZHLD5Z,Fox Group,North Mark
MERHWZ6L1U1TM5R,Brown-Pena,Port Michelle
MER54EKNPCIELF7,Maldonado Inc,Kathrynhaven
MER2G5ZASOFUCHI,Carlson-Smith,Reidfort
MERF99VLE1O3YSN,"David, Glover and Hobbs",Jimenezfurt
MER0OL662GUVLG7,Harrell-Brown,Taylorland
MERBF42FFYF5W9E,Prince-Sloan,New Richard
MERMCIXHIYGQ2JT,Diaz-Guerra,Juliechester
MERI4QQ0F5G8BOS,Mcgee Group,Washingtonfort
MERDJ49KG7483AF,"Turner, Cummings and Howard",Jasonfurt
MER5MGM6VDEUCD9,Benton Inc,Cassandraview
MERGRGIGM5IJ9AY,Anderson LLC,New Sharonville
MERTBB16VXWCE93,West-Farrell,North Glenn
MERDX6EQQFJB39F,"Stone, Crawford and Cabrera",Kevinhaven
MERBNEOLXQDI0LE,Campos-Young,Johnfort
MER8QSQWMF0BE4M,"Oneal, Berry and Smith",New Austin
MER5KK0Z3KXW47Y,Sanchez-Castro,Lake Earlside
MER6XXRDUCG63NU,Campbell-Stephens,East Carol
MERA8D8A84UO2DR,"Smith, Barrett and Thomas",North Gary
MER7DEQRCJITWYM,Mitchell Group,Christopherport
MERB9CMO4Q9IPDP,"Ruiz, Lewis and Morrison",Antonioshire
MERU0LPLIQQK3LK,"Townsend, Chambers and Johnson",North Jamestown
MERCVGF8Q75GXG1,Turner PLC,Sarahland
MERHKM2T2IFI9MB,"Lynch, Nguyen and Warren",Cynthialand
MERWP5TZPKO5JM7,Cunningham and Sons,East Alexaville
MERL5YC0IBB67BI,Koch-Crawford,Johnsonland
MERPLFZAHGIIS7H,Harris PLC,Port Tammyton
MERDI79R76PEYYU,Young Ltd,New Michaelberg
MERZM33R5KHEOXS,"Hopkins, Rivera and Nelson",Port Johnburgh
MERDRW03N5WE43K,"Dawson, Gibson and Villarreal",East Raymondmouth
MERNPRMZFJ3CM8Q,Gillespie and Sons,Port Michelleville
MERLRCIR11OFE49,Morrison PLC,Smithberg
MERFY1RISL261GT,Nichols LLC,Port Jennifer
MERNVA1S00SKP5Q,Tucker Group,South Virginiashire
MER06LJT6I5X2LM,Williams-Cordova,New Allison
MERQATB09AM0CT7,Burnett PLC,Larryland
MERQI02RQEU72MX,"Erickson, Reynolds and Sutton",South Travis
MERIOVF3A13CY86,"Curtis, Rosario and Jacobs",Lorifort
MERJD29TLTTLNTS,Harris LLC,Lisaland
MERGZT8YHESK6HX,Yates-Gill,Moodyton
MERZDW3RPJW0UF6,"Silva, Harding and Lester",Stevensberg
MERG2QN2XEX33ZU,"Miller, Allison and Gilmore",New Sheri
MERHFOQQFVDBSIC,Wallace Group,West Tinaland
MERLY567UU6B5XN,"Rivera, Diaz and Bailey",Amyshire
MERAQ0E1GRYG1JJ,"Patterson, Mathews and Brown",New Soniaside
MER4FK2UDT92KLD,"Sanchez, Maddox and Roberts",Port Michael
MEROK5EGX4FRIAN,Grant-Rivera,Scottside
MER1ORPY1AR7NL4,Torres Ltd,Nielsenburgh
MERF6ZWCPKZYKZR,"Young, Ware and Gomez",East Nicole
MERWZWCFF9BH8CW,Dorsey-Collins,North Kaylaland
MER1IU28NDNKPCB,"Kidd, Jennings and Stevens",Terriberg
MERWGSUDANZBY9Y,"Cook, Mccarty and Campos",East Brandonshire
MER64JGWW6KPERE,"Miller, Taylor and Wheeler",Lake Rebekah
MERZK58GDE8YWNW,"Soto, Stephens and Price",Oconnellland
MER9319JC517VN5,"Atkinson, Wilson and Barnes",Kevintown
MERGF35LT6ZR5W8,Williams Ltd,North Laura
MER6XSB7BKQY0Q4,Wang-Lawson,Ryanstad
MERMUEFPG56C493,Alexander and Sons,Maryborough
MERJ07AR3QODE88,Odom-Wolfe,Salazarside
MERTXRV5QOJ9WIF,Lee LLC,New Todd
MERQZUYPKTGNB0D,Flores-Hebert,Stephanieberg
MERTCD2PXWEAESO,Kirk-Diaz,Richardside
MERI123H376F0BH,"Thomas, Cabrera and Medina",Lake Jeremiah
MERPW6IYN5O1POY,Simpson Group,Port Daniel
MER72YNWUCGBTEO,"Garza, Thomas and Williamson",Erinside
MERDPDW3DAACKNO,"Leon, Reid and Hernandez",West Anthonyborough
MERUKDAZT5V1EP0,Martin Group,Davisstad
MERSLL62G4G82ZZ,"Figueroa, Rogers and English",Sarahtown
MER62MJC0KCM7MQ,"Moreno, Daniels and Lucas",Gloriaburgh
MERG7Z3NKXY67A9,"Jones, Lyons and Simpson",Lake Colinfort
MERZB2DOY4PEB50,Rivera-Price,Lake Douglas
MERUI586W5JUENQ,Wilson Ltd,Lake Paul
MERSQA5UHL5ZE80,"Stevens, Woods and Smith",North Michael
MERIM7ZJ1JDAY3I,Vasquez Ltd,Port Josephville
MERCER7NKGWE9AC,Ward-Newman,East Jeffreyview
MER9DIA4YA8TDBP,"Henry, Mitchell and Hart",New Deborahburgh
MER02Z8EL3KQ14T,Day Inc,Youngville
MERGBWGBHGQBFTQ,"Moody, Vasquez and Vaughn",Cameronhaven
MERXX2KZM1DG3ML,Taylor Inc,Port Derekview
MERI0BV124942IZ,Olson and Sons,South Christopherberg
MERIJJDN9S8BD2C,"Morrow, Mendoza and Robbins",Floydton
MERAVMVCCZOX8DQ,"Boyd, Porter and Robinson",Muellerstad
MERYEFYG1LO3T1F,Figueroa-Tapia,North Joanview
MERXGKPBGPMXY74,Fitzgerald-Griffin,West Mikayla
MER14EUKUY97ZAK,"Parrish, Davis and Simon",Lake Matthewborough
MER0LN71AS3NBLT,Cisneros PLC,Salinasside
MERSI4OZWTNGIGB,Boyle-Nunez,South Melissa
MEREGN4DF934DWM,Hubbard-Rivera,Lake Kristinland
MERTLGZ14Y38Y4O,Ramirez-Salinas,New Danielstad
MERGNNSVG2KK59D,Li-Smith,South Danielbury
MER5RQ1K1QK6V00,"Chavez, Carroll and Watkins",Calvinfurt
MERBRU6D2NHTIA8,"Nelson, Burnett and Reed",New Jamie
MERJ6O9I927VI90,Cox-Mays,New Austin
MERXF0KL9X19D2M,Adkins and Sons,New Kelseyburgh
MERVLUI7PC9507S,Neal-Page,Stevenfort
MERNOPLES41E2QF,Graham Inc,Amandafurt
MERZIQBY1YT7PEW,"Rodriguez, Rocha and Taylor",Danieltown
MERS5AE07F8TRET,Walker-Mayo,Amberstad
MERN5OWZY1JZBEV,"Klein, Greene and Shaw",Aaronfort
MERUTFG9MOLC8YV,Mcfarland Inc,North Stephanie
MERMUBFOPZ8734H,Miles Ltd,Perezfort
MERU4EI920W0XDS,Anderson Inc,Brownport
MERF5WDIW240QHF,Wilson and Sons,Josephland
MERNCQSFNWKANZH,"Sherman, Farmer and Ford",Lake Amanda
MERXC67B1WKQQVV,Good Ltd,Yoderchester
MERDVB31VBLWS32,"Orozco, Gillespie and Hernandez",Theresaberg
MERVR5ZWA1DXZG5,Jones-Henson,Danielschester
MERM0OK3MLHUE6B,Jones-Gray,Rodriguezchester
MERWBVKBP9US7YL,Burns-Moore,Millermouth
MER0YWP5PE30UAY,Gonzalez-Bowers,Port Rebeccafort
MERIKCWLBZP2R6K,Baker Inc,Port Clayton
MERQP4T40H4C6MA,Davis-Pham,West Angelamouth
MERG9GYUO4YITAI,Jackson Inc,Shannonberg
MERQ79PAPHEO4S6,"Mclaughlin, Boyd and Beard",Robinsonburgh
MER5GZYS9L7A92G,Ponce Inc,Lake Janetside
MER6N5MET7PWBSE,Thomas Ltd,Andreachester
MERD7RM91L398KO,Roberts Inc,Port Amberville
MER1EDHLHZ42RS3,Russell PLC,West Gene
MERUYTLCC7OR2ZS,"Vazquez, Baxter and Rodriguez",East Randy
MER0COGP9BP9PU2,Leach Ltd,Alvarezport
MER9Z2AI3GW6MB8,Kelley-Gray,Port Davidborough
MERSS77KBUUBYNC,Hooper-Douglas,Graybury
MERWM69YEKG266M,Walters-Deleon,East Charles
MER4KWD4YT5BDNC,Rodgers Inc,Tiffanyborough
MERNRHRQKOTV6H5,Brown-Rodriguez,East Eric
MERSE9MKQB07T03,"Thomas, Rice and Franco",Mariaberg
MERIIY4G7XBUWFC,Edwards-Allen,Dawnmouth
MERRG7CSOZ3Y7EF,Mathews-Greene,East Catherineshire
MERUKBM4Q8I3FT1,Ortiz PLC,Eugeneland
MERO7PUYCJIXELY,"Jackson, Johnson and Murphy",Markchester
MERMWJMBC06KCEU,"White, Webb and Chen",Hooverhaven
MER0SZ24J0ND410,Gray-Cunningham,Villanuevashire
MER8IUCXL8R6ZTT,"Richardson, Moore and Phelps",North Kimberlyside
MER6AAF15XN6MY7,Powell Inc,Rileyburgh
MERVEWAP45VFBVU,"Morris, Stone and Long",New Richard
MERWBUUX9AC6PPB,Smith-Walker,New Matthew
MERCDSSV30XH0PV,Sanchez-Wright,Samanthaview
MERDNQDA1UXNF3H,Howard-Landry,Lake Tammyberg
MERTKPB01YV5RZ6,Gonzalez-Spencer,South Julie
MERP1GL9342CA4Z,Gilbert Group,West Shawnville
MERMG950E9S48S6,Jones-Scott,West Jacob
MER0B0LQQRN01EE,Vega-Harvey,East Danielview
MERNS51K0S34D4T,"Oneal, Mullen and Miller",South Tylerstad
MERTP999PHRVT3I,"Banks, Church and Jackson",South Tracie
MERTBJZKHX9N6MY,"Costa, Barker and Hill",Johnsonborough
MEREL51GSL3UCUU,"Bond, Howard and Mann",South Brianshire
MERZI2NTOCRW450,Quinn PLC,Leeview
MERXPYU7N1000HA,Gregory-Rodriguez,West Grant
MERZKRZGQSJPS0U,"Smith, Davis and Ball",Lake Lauren
MERFDG2TIG8SLNW,"Mcintyre, Garcia and Henderson",North Sarahtown
MER333QLXMZS4K8,Baker Inc,Ashleyport
MERGCTY4VSIDSZD,Sawyer-Kennedy,Kathleenside
MEREOO3CCT3KK11,Andrews-Gregory,Kelleyshire
MERSF1ZHCR0UE1V,Brown Ltd,Amandaport
MER9PIDJJ2UK1XU,Robertson-Allen,North Melissa
MERBQCAOYGTKZ5N,Walker-Baxter,Petersenchester
MERXMY8SDHQH3GL,Donaldson Inc,Ianberg
MERY9ZN0M5I6U1U,Moore and Sons,New Hector
MERM6Q33ZC1EJYW,Brooks LLC,North Sabrinabury
MEROJJO20PPX1KE,Clark-Robinson,Port Matthewborough
MERNOCLDN0YPYHP,Snyder-Walton,Thomaston
MERQYRIL8S3SSR3,Conner-Holt,West Jamie
MERXK3QX2HVFPH6,Schneider Group,Marytown
MERS06XGMPTIH76,Carter LLC,Port Candaceberg
MERN9M561CLRH94,Ray-Anderson,New Jamesmouth
MER8FJCE4HEZHOG,Chung PLC,New Robertville
MER4EMIIQFARHV3,"White, Russell and Meyers",Port Markview
MERBAWLOS1QSP5I,"Garcia, Ramirez and Williams",Ruizland
MERSSA46PC9DW9Q,Kelly-Mcgrath,Hamiltonstad
MERCSWX7B9NOPT5,Jordan and Sons,New Michelleview
MERTOABIX6FLQ3M,Hicks Ltd,Lisatown
MERT7455BNLDL94,"Clark, Stafford and Stevens",Thompsonmouth
MERZ8HX2O8O5WCU,"Bell, Bell and Dudley",Jonathanport
MERF9MTTV1KZYR8,Reid PLC,Lake Christopher
MERSWJ64OL2HGS6,Bryant-Smith,Port Mark
MERWMWB3ZUZNH1P,Holmes-Martin,Port Carla
MERJJGGOCLYHFAR,Fernandez-Gonzalez,New Cynthia
MERDLYFHOHSMRIW,Clark Inc,East Rita
MERJKY0GNK0IEOF,Cook-Hendrix,West Carolshire
MERVCEHNKMGSCM2,Ramos Ltd,Fisherside
MERGTJOO8Y6HTH2,"Warren, Miller and Edwards",Norrisport
MER75N1EFD5XA99,"Frye, Allen and Marshall",Howellshire
MERC0GI9E9HYUNN,Page PLC,Leeport
MERFTHQB79JLWES,Lin and Sons,Smithtown
MERW4IPKJS1QQ6G,"Daniels, Cooper and Parker",South Johnberg
MERVKBF5VOSGI3I,Gay-Lucas,Leslieville
MERD0LCF0YU78T7,Silva Inc,Matthewshire
MER603MEF6SULF4,Brown-Hood,North Kellymouth
MER10HNPTPTUAV6,Larson PLC,Port Juliaside
MERTYQ40N4GEQWK,Herring Inc,New Jacob
MERESKDGFIEFYIP,Brown Inc,West Timothyland
MERFTW7JP2515CD,Carter-Davis,South Alyssaport
MER8P4CKOQ7HUEQ,Freeman-Bell,Stephaniefort
MEROVLV766Q2EAK,"Henderson, Perez and Baldwin",Sheltonton
MER3WK2LUORTS54,Hansen-Booth,West Krystalbury
MERGLTQW4M5XBSW,Myers-Duarte,Duffyshire
MERHXXVT036RSCI,Carter-Farley,New Katherine
MERMTWQB228NNRV,"Young, Smith and White",Brandiborough
MERBWLX6X5Y91AW,"Romero, Thomas and Lopez",East Kimberly
MERGUZD27TEMZHU,"Fowler, Tucker and Rodriguez",Michaelview
MERDCBVAVQX1V8L,"Boyle, Garcia and Brown",Wrightfurt
MERX440T0FT4IMD,"Roberts, Wiggins and Steele",Lake Tyler
MERI66L8YYL18B5,Lara PLC,Zacharyton
MER7TBU4VOA57E0,"Lewis, Allison and Thornton",Port Marcoside
MERPTT4O41E9WNO,Webb-Smith,East Douglasberg
MERD9C82IQJUWLS,Stewart-Hernandez,Mcintoshmouth
MERJNO83UL1XOI9,Walker Ltd,North Charles
MERIRJPOT8ZM0OP,"Moore, Young and Jones",South Devonview
MERIE8KPT0212FC,Howard Group,Johnathanbury
MERMC8WGG5RILWV,Villanueva-Jenkins,Walkerport
MER6UOZ2TW5Y5SH,Malone-Brooks,Port Jeffrey
MERD1DRAU81FTMQ,Barron and Sons,Danielletown
MERW1ZWO0YDEMGO,Little-Jones,South Kimberly
MERF9VQVPB1WG0Y,Hall-Welch,West Ericport
MERK8V8ZONTC3HM,Hutchinson-Simmons,Debrafort
MERMS0S0SH12YTO,Robinson Group,East Danielside
MERNAED2HWHHNO6,Bond LLC,Blackburnchester
MERWGWABDWF4V8G,Richmond and Sons,Port Michealtown
MERZ2BYTS6RQIF4,"Turner, Anderson and Spencer",Lake Brettstad
MERJQRUU7RK32CM,Dickson and Sons,Lake Adamchester
MERCIVW5Y7REHLE,Taylor Group,Davidside
MERFMJHBQ70B7QR,Young Group,West Davidmouth
MERGHCEGY61N13D,Harris PLC,Rogersport
MERPOZZSTMV0X12,Walker-Hammond,West Maria
MERTSL6E20AE1CM,"Page, Adams and Montes",Port Joshua
MERATR4J4GQLB0I,Skinner-Johnson,Port Michelle
MERAWWCQX46YWYD,Stone Group,Burtonburgh
MERPH3EMO5SWOUX,"Cook, Lyons and Anderson",Port Benjamin
MERJNT819Z9SPXH,Williams-Foster,Robertburgh
MERIWH9NWR5T3NS,Fisher Inc,South Abigail
MER1BHAINCPYAHT,Ross and Sons,South Davidbury
MER1TFZ5Z3B7U15,Bradley Inc,Kimberlystad
MERB7LQ17IG3FZN,Bond LLC,East Anthony
MER1AIQ7CX5588O,Payne-Clark,New Michealside
MERL66ET8A6AS6G,Hernandez-Jordan,East Kara
MERHAC5LPVQW2YJ,Russell Inc,West Adamberg
MERMA7SMJDX2KEI,"Lewis, Moses and Munoz",Port Glendafort
MERTALKBAEYHVJ8,"Klein, Becker and Sanders",Darrenfurt
MERUW7U3ELPZDXN,Diaz-Rose,Bellfurt
MERPT82BN5TGRL8,"Barker, Wilson and Taylor",South Megan
MERBNAORHSRVU11,"Collins, Casey and Perkins",Lake Christopher
MERYK3Q66GKMQGM,"Hayes, Dickson and Hess",Port Samantha
MER53ELTISICTU1,Collier-Morales,Smithborough
MER7FVJZFMBNKUL,Simpson-Moore,Kempview
MER2NIXI6F1J3SQ,White PLC,Lake Joseph
MEREDDALKQ9KKEV,"Valenzuela, Andrade and Diaz",Jenniferberg
MERE1TL3JP8H4YR,West Ltd,Port Kimberlyside
MERV0Q8RRSU8V3W,"Dillon, Thomas and Roberts",New Richard
MERGB7DUHFQS4QJ,"Powell, Duncan and White",Kennethside
MER9SBEGCAAD4YF,Vasquez Group,Pettyland
MER6XH5WK0323G8,Smith-Choi,Fowlershire
MERJFBK2CBJ75IP,Stephens Group,New Ashley
MERWJ6BUVMJZ0TY,Manning-Stephens,Bentonview
MERI3XBI0HN3M1Y,Lopez and Sons,North Travisfurt
MER66NYOTYFVC40,Hinton Ltd,Lake John
MERD5S208PXCDVU,Miller Group,Mcbrideville
MERDUNAX6KX0NON,Logan-Farrell,New Mark
MER8JF20ZSJMLW5,Reid and Sons,Port Rachel
MER9K8UJ79ITNBY,Rivas LLC,New Brianmouth
MERQ9TJFBDL0VEX,"Smith, Golden and Ford",Masonmouth
MERZS0XP7EF82YL,Cole PLC,Ericksontown
MER7AXG7S6NURB1,Sanders-Fernandez,Port Thomasshire
MER80WZSSVF39QL,"Robertson, Lee and Yoder",New Ryanfurt
MERXAEGDF2IK8T7,Mcdowell-Stevenson,New Bethchester
MERUZCFKX3C0SF0,"Walker, Browning and Davis",Hollandside
MER5GOPEL5WKUP7,West Ltd,Patelstad
MER9IN500DON0V4,Schmidt-Hill,North Joshua
MER7WGYC5YU3WCQ,Alvarez-Short,New Robertstad
MERBBJQUZ8QYHMM,Rodriguez-Foster,Michaelfort
MER5IL6MYB1UAZ7,Jones LLC,Lake Kevinside
MERAK0FEDEPHYWG,"Esparza, Kirk and Medina",North Jeremy
MERK5P3SWXSLF4P,Gould Ltd,West Nancyview
MERQJM66F2DBYOS,Dunn PLC,Thompsonstad
MERHAEXCU0A8SMR,Gaines Ltd,Lake Wesley
MERBHBZB7JOEIZH,Palmer and Sons,West Linda
MERUMW5MEKAXWT8,Joyce-Howard,Port Edward
MER9GRLC71WG8HI,Mills PLC,East Larryfurt
MERTKKAEHKUNCMN,"Osborne, Smith and Wade",East Deannafurt
MERNYP80XOJAA4C,"Martin, Lamb and Morris",Sharonbury
MER2S41DSJBV8OG,"Bass, Owens and Pierce",East Michael
MER15XQBGKNK64K,Villa Inc,Benjaminview
MERBMONRTUMIY7K,"Chambers, Murray and Lara",South Tammy
MERP7OAZR6B1XNI,Gilmore and Sons,East Davidmouth
MERKGIG5NHJPMBM,"Miller, David and Pruitt",New Georgeview
MERMR3WJTIF3WO1,"Compton, Kim and Zhang",Fisherberg
MER9JA1M57NKQXR,Nelson and Sons,Lake Patrickburgh
MERLT2GJC009FFX,Merritt Group,North Malikbury
MERBH4HV5QMZUUS,"Adams, Thompson and Wheeler",North Laura
MERYR8PQBS6Z7KB,Collier PLC,South Amberville
MERG8WR2QEVGMK1,Gonzales Ltd,Rogerschester
MERFX6AQTI251J5,Hawkins-Harris,Kylestad
MERHQIDBVTHMZ33,"Smith, Williams and Berry",New Carolyn
MERNEMGQ173PVK6,Steele-Cain,Lake Marvinchester
MEREKV1PXPL51D2,Smith-Cardenas,Douglasstad
MERX63U0SD7WC9Y,Smith Inc,Ericksonton
MER3Q3UXXEBTSLY,Mathis and Sons,Richardhaven
MERN5FVBS7PW3NL,Martinez-Mccarty,West Reneeport
MER6ZCGO8GN1RO9,Burnett Group,Alexanderberg
MERZNAVT5A23783,Mcdonald Inc,South Christopher
MERYWUVCFSD8GU4,"Calderon, Smith and Ward",Mariahstad
MERX9ZYTXY2UMA0,Brown-Warren,Nguyenburgh
MERXSBQ131W031Z,"Davis, Hill and Clay",Deleonstad
MERF95DHCJ9IBXL,Howard Ltd,Rebeccamouth
MERHXLWNAUQHHRV,Gardner Ltd,Port Michaeltown
MERASN6VX7H6RRX,Davies Inc,Kathleenview
MER6ZGRUQ9B83UG,Barrett and Sons,Port Joyce
MER25C5O6F52DEK,Jones Group,North Anitafort
MERKTYZU6HI1NBK,Snyder Ltd,West Michaelchester
MERJ2VCMOR0NIRK,"Hernandez, Brown and Watson",East Aaron
MERLL8V9H4IABI5,Johnson Inc,East Ryan
MERU2ED95JO3HD9,Cuevas-Woods,New Wendystad
MERIPORC52UBXDC,"Blake, Poole and Paul",Nicholaston
MER5VX9V5VWYDH4,"Cobb, Nguyen and Baker",Haleyfort
MERG6KRRBTJ9G3R,Rush-Smith,Danielport
MER12DE4NMLRLOR,Lopez-Cruz,South Seantown
MERLRGBBJYRA8B0,"Roberts, Myers and Mcmillan",South Justinmouth
MERKOORRQ6Q9BN8,Perry Ltd,North Rachel
MERI0I1YITQT6IX,Caldwell Group,Lake Tiffanyfort
MERQDVF905KO3A8,"Williams, Lin and Thompson",Maureenfurt
MER4BS0FHZOU6QO,Robles Group,Davisshire
MER8OKNYIXIC7S4,Mahoney-Brown,South Brianfurt
MERYXBUHAN87YLF,Simpson Ltd,New Hannahchester
MERYKFT8K4TSGGL,Nguyen-Kim,Christopherton
MER3LH2DX3YICQL,"Herrera, Thompson and Walker",West Annaburgh
MERK63LL3QGXLLB,"Jones, Cruz and Smith",Snydertown
MERYPKR1ET3FCE2,"Parker, Medina and Wong",Port Emilyfort
MERMHV6MZPKFHTW,Weeks Inc,Ronnieview
MER2AVXUP1EXXKQ,Powell PLC,Hintonside
MERSGU03I7ESX3P,Smith-Hodges,Eatonburgh
MERV9U2SE6Q9TIU,"Mccormick, Anderson and Reyes",South Maria
MERWOY3Y643NX43,Martin-Patrick,Port Markport
MER5YRGK94Y1RGW,"Taylor, Smith and Brown",Drakeburgh
MERVMDU0X700VWP,Garcia Ltd,Lake Paula
MERCC94S5BC9J8T,Carr and Sons,Matthewburgh
MERNJ1ZTT142ZTT,Adams Ltd,Shawnbury
MERUPE3V9XJXA3I,"Hancock, Nguyen and Bray",South Shawna
MER5E5SOLLWT2GW,Mcdonald-Mendez,New Seth
MERNMS0SIS877ID,Carter PLC,Lake Jennifer
MERQH3AM0WO7HUX,"Phillips, Moore and Mayo",North Jacqueline
MER3SFCT816KYFO,Ramirez-Dalton,Kingside
MERYO6QE4W46RFW,"Torres, Sanchez and Lawrence",South Marie
MER08XY3T8WYMXR,Wolfe-Tucker,Amyhaven
MERNFCBGUOMW19R,"Martin, Rodgers and Fernandez",Robertsmouth
MERH429A8FMNDZX,"Levine, Johnson and Henry",Thomaschester
MER8AKBTGA8SSFV,"Gonzales, Olsen and Hodge",East Patriciaborough
MER2Q5HUW59V6LU,Taylor PLC,Ramirezburgh
MERHDG3SG5YQJJS,"Dillon, Vasquez and Morrow",North Jennifer
MERYF2EESZZ4TA9,"Bryan, Collins and Williams",Jacksonstad
MERX81GSHL0LY7H,Jones LLC,Howardport
MERUVDB00YD1OGT,Clark-Wagner,South Larryshire
MERYZJAFS0JHOUV,"Ali, Roberts and Greer",Parsonshaven
MERRVMMNR9FPURW,"Tran, Hughes and Villarreal",West Jose
MERHANY23NYUZVG,Knox-Buckley,North Samantha
MER1PIOU800NW3P,Rodriguez Ltd,Brentland
MERQA3OZWMUJGT0,"Lewis, Miller and Hurst",Williamside
MERV4MYCO1UNVUU,Neal-Shields,New Marcusborough
MERXAW8EJA7DX8I,"Cole, Miller and Stewart",Debbiemouth
MER5OLK736FD1QT,"Jones, Cook and Stephens",West Jeffreyberg
MER0BH1CSXXCHVD,Martinez Group,Alextown
MERTIO1MM7ESYRQ,"Love, Sparks and Collins",Jordanshire
MERSZOW7IVNAROD,"Rogers, Barker and Shannon",East Ashley
MERP4APESEJRQXQ,Taylor-Foley,Loganshire
MER1JNJMS65GOT8,Thomas Group,New Charlesview
MERVKQD6OS7L2S3,"Torres, Mason and Lee",New John
MER692Y8Z323236,"Carroll, Watson and King",Michaelfort
MERNP0L7GC86O1F,"Frazier, Harper and Owens",North Thomas
MERQAWD1EJ40GTX,Sampson and Sons,North Justinside
MERF2B6PEJQCSWY,"Wells, Wilson and Meyer",Ericksonland
MERAUW7SOHV1W0H,Rogers Inc,Wallaceside
MER3DDTM5DTSAER,"Salazar, Sullivan and Morrison",North Andrew
MERS522YFGQ5HOR,"Le, Johnston and Williams",Hendrixbury
MER52681YZI4DTJ,Rocha-Carlson,Butlerburgh
MER2XOJDG5RYNMS,Terry LLC,North Brianville
MERYL5IJOWU44WS,"Simmons, Owens and Saunders",South Adrianburgh
MERJ6Z2HEJ5J17X,Ayala-Hoover,North Robertchester
MERABZO3724NEST,"Jennings, Morales and Murphy",West Heathermouth
MERC1OMLWH8TFKH,Wilkins-Mitchell,East Rodneyborough
MERUHVD77B8L2TM,Phillips Ltd,Tonimouth
MER00OOSJ699HUC,Bowman-Drake,Desireemouth
MERGCTAJHOR5SR0,Rogers Inc,East Raymond
MERF7076OFUFXU5,"David, Nichols and Mccarthy",Floydmouth
MERD37P6WP8PABR,Clark-Hall,Taylorside
MER5T1YDHZIOBJB,Brown-Gates,New Bethburgh
MER0WYXEVDCEW0W,Walker-Jackson,Lake Natalieton
MERJDONF1ZHKLXP,"Barber, Mccall and Summers",West George
MER7832J8TDNTZH,"Reese, Wallace and Wilkerson",Alexisshire
MERPV5QCPIJ07CM,"Marquez, Ruiz and Gallagher",Maryton
MER7OODVU0J9EK2,"Davis, Mcdaniel and Jenkins",East Mark
MER3NESX8BX5KWL,"Proctor, Clarke and Howard",South Emily
MER0X71OQ6T750J,Hammond Ltd,Michaelport
MER5RF6IH2YZI3W,Smith-Shields,East Nancyville
MERG8ND0U313W2X,Pacheco Group,Port Kylemouth
MERMJIWX0PO02W5,"Simpson, Johnson and Reid",Bryantton
MERR3VCG6K7TDIM,Collins-Smith,Crawfordshire
MERMR5AICFB6N9X,Mack Group,Robertsborough
MER2SHZXZ8XNDHT,"Lewis, Brown and Miller",West Richardville
MERACG01WMYAI6A,"Lopez, Reed and Rios",Amyport
MER9SMYESX9YOHN,Sparks-Gross,Rodneyland
MER2O81R1F2SY50,Gardner Ltd,Joseport
MERHIPC0F2W5G3U,Richardson-Glover,South Veronicamouth
MERQ8JQ32GWEQEN,Powell-Thompson,Rogersburgh
MERBRPDCO4IWS5Y,Myers Ltd,New Jessicatown
MERZISXUUTGYC0I,Garcia-David,South Reneeside
MERBBMMPIW855KO,Baird-Rodriguez,Elizabethfort
MERY04HK6NZVXKC,"Moore, Colon and Warren",Brownstad
MERI048RWWNNDK4,Schneider Group,New Charleshaven
MERKHID9BZC64FJ,Oconnor-Lee,South Scottville
MERIVOSIH1LWVWR,Sutton LLC,Ryanland
MER9893CCCDGGN1,"Collins, Leon and Conway",Jamesbury
MERA9FB8Q14H8TH,Wood Inc,Parkershire
MERFN51NV4DHJ56,Peterson PLC,North Gerald
MERIZIDSOMKYCXY,"Combs, Briggs and Elliott",South Kimberlyland
MERXZIBM4WDYLC6,Miller PLC,Davenportmouth
MER2HECXACPY9PM,Chan LLC,Anthonyfort
MEROBHAA1D6A9U2,Freeman Group,East Markmouth
MERLV19ACRDJ36L,Harper-Thompson,West Luis
MER7CH04SCZML4S,Perez-Harris,Hawkinsville
MERSYMCDGCEPZPC,Jackson-Archer,Port Judith
MERK5W38Z8H8GKT,Davis Ltd,Sandovalmouth
MERR5LL7IYTTNAY,Hall and Sons,Port Charleneville
MERFAK3S5V4ARU6,"Floyd, Howell and Mendez",Lewisshire
MERF2IKTM8DB7Z8,Webb-Reed,Port Melissa
MERI5B3KDP1U7VS,Johnson-Carrillo,Port Kathymouth
MER8BKVUNYWTZE0,King-Logan,Allenfort
MERLUGA61LFSVGW,Parker Inc,Marthaburgh
MERK7FUC3M48I7U,Garcia Ltd,Sharonland
MERK84F74L49L38,Nguyen-Escobar,North Amy
MERO73V3I1KPDZP,Trevino-Ross,Hoffmanburgh
MERFNJQ2NHD89KD,Young Group,West Markland
MER2S3CTO00HG20,"Meza, Shannon and Floyd",Heidimouth
MERSL60DUJDKOOD,Leon and Sons,Dylanbury
MERUSS62I4C5YOB,"Hale, Brown and Cooper",East Carlashire
MER7O3X8736G7V5,"Shields, Nichols and Ferrell",South John
MERLHTNNR3CCN26,"Parker, Sparks and Strong",Stephanieton
MERDIFFL3ESZHFQ,"Williams, Potter and Mann",Johnsonport
MERVCN0Q7WVH2BV,Reeves Inc,Nunezville
MERES0I1CLWVQ99,Nichols-Mitchell,South Lauren
MERUDMWEDVUD5HS,"Edwards, Green and Benson",Browntown
MERQKRD6YFPECVZ,Taylor Group,East Brookefort
MERL9N0G07PE755,Green PLC,Sawyerfurt
MERVJAR5DCURLIH,Christensen Group,Lake Mariah
MER2SDWZ7C0DJ24,Bonilla-Robinson,Port Anthonybury
MER1USHASPZZAG3,"Madden, Sherman and Roberts",Alexisfort
MEROIWOIJNRBZ54,Jackson-Green,Stewartfort
MERIVHKO1WA75CU,"Rogers, Bell and Mccormick",Port David
MERM5XN1GM16TD4,Powell-Sanchez,South Richardburgh
MER76ATR9CO81KS,"Martin, Sanchez and Parks",Lake Julieberg
MERJ6QKBPXGS8YX,Avery-Huff,Autumnton
MER59OXA6O67EBN,"Curtis, Mendez and Williams",New Vanessa
MERQHH9GV004051,Hawkins Ltd,Jonesmouth
MER1EEFKLZHKBHM,Banks LLC,Williamsonberg
MERCH6NOGT65I28,"Adams, Lynch and Davidson",New Michael
MERYYF2SPJLEHBJ,Potter-Petersen,Lake Kyleport
MERAGYZRYV78SIS,Mendoza-Weiss,Matthewport
MERSP8G1PFZUV0B,Velez-Gutierrez,Curtisberg
MERQCIMCP32GN97,Gonzalez and Sons,Port Tricia
MER9KQ10UCS5S83,"Lambert, Rogers and Price",West Georgeton
MER01D07NKXYFYU,Garcia Inc,Tonyfort
MERYRJXEHN7DPXM,"Frank, Hall and Oliver",West Angela
MER80WQCS4S1Z0J,Barker-Greene,New Amandaside
MERHV3PAN0PKH4K,"Carter, Abbott and Castillo",South Joshua
MERO8M2FA1PTV7N,"Bailey, May and Price",North Derek
MER6KR8Y24WFZ27,"Smith, Bradshaw and Monroe",Santiagofort
MERI1PQAEQH4VI4,Munoz PLC,Lake Seanmouth
MERLT05R0OK6EXY,Jones Group,Hamiltonmouth
MERNO4LCDCWKNL7,Cline Inc,Danaside
MERIICJ0ANNLD5J,"Clark, Morrison and Meyer",West Juliaport
MERL0HWMQ40X6FD,Brown-Shea,East Jefferyfurt
MEREXTH1JKEN8F6,Hodge-Stark,Sheilatown
MER5L3JA6R0EAEA,Gomez-Butler,Randallshire
MEREXCOT3ADQBBD,"Sanchez, Weaver and Mills",New Marieton
MERNELXQNJFYVLG,"Meyer, Bailey and Turner",Palmerstad
MER725WUA58WQI7,Stafford-Allen,Mariaview
MER1UX13Q7F0OE8,Gentry-Garcia,Richardfort
MER21VNLNYWNMT6,Pittman PLC,Matthewton
MER89UZIIGQJPKC,Rivera Group,Danielbury
MERB0G4WUWBUXUX,"Wiley, Ruiz and Martinez",West Kevinberg
MERYWPR8EZ89GZZ,"Willis, Mason and Richardson",Francesborough
MER2PAC1PJ6JS14,"Acosta, Johnston and Harris",Wagnermouth
MER3FIDVMAA3R1Q,Brown-West,Lake Heather
MER7P8FE46SU45R,Collins and Sons,Calebmouth
MEROLEZ5P4AP5WP,Rogers Group,Port Maryville
MER85MTHGUGH87Z,Martin-Small,Butlershire
MER24JVII6OTVO0,"Kerr, Boone and Cannon",Port Kathleen
MERQ0RIHQFFCITV,Cardenas-Hanson,Dianemouth
MERTE4YTJ3GM483,"Harper, Brown and Moon",Nicholaschester
MERM3SIZYITXUC9,"Bonilla, Downs and Monroe",Pricestad
MERMFPUW4743LH8,"Le, Wilson and Hoffman",Lake Gregory
MERQPF5QX1BKZP6,Gilbert-Johnson,West Cynthia
MER4YWTSKNC3PKC,Benson Ltd,Meyerbury
MERQOIFYCVSL8HF,Jackson Group,Michellefort
MERM0YD9CAXHBCS,Washington and Sons,Port Bradtown
MER3KZ068DO2UXQ,"Jackson, Campbell and Smith",Hopkinsborough
MERKDPPH2V8O786,Black Ltd,Priscillaville
MERJE3FTI28KGP3,"Sims, Martin and Grimes",West Ricky
MERBDJ3U47LJYQC,Gardner-Walker,Yoderhaven
MER1PCY11CD04ZT,"Horton, Poole and Wright",New Laurietown
MERJII0LUSQRN5T,Smith-Smith,Glenbury
MERF3KJ28U6F5TF,Kelly PLC,West Timothy
MERM2VWGRCHQ47O,Taylor Ltd,East Adamborough
MER9YSKMHJ1STMX,"Kramer, Mcclure and Young",Port Jamie
MER4GHN5FPIA1UX,Harrison Ltd,Hubbardton
MERKFBESOEAQGJM,Thomas and Sons,Kimberlyport
MER8QXQNBNUE6NT,Young-Smith,Bridgethaven
MERCTBXH9VFTJLA,Wilson-Stone,Port Matthew
MER30QB39AK5EM4,Campos Inc,West Luke
MERSOJTP9EANA0R,Summers-Watts,Deborahview
MERBGJXKA31WAFN,James LLC,Cunninghamhaven
MERGIRXPTOEOLOD,Perry-Walker,North Gregoryside
MERYUEXRFN6C4PO,Ponce PLC,Lake Jodifort
MERQXSCBLF2O941,"Davis, Macias and Figueroa",Lake Timothy
MERUVA1AY34E99G,Ho-Hernandez,Morrisonfurt
MER1WWA5YAZF1EW,"Alvarez, West and Allen",New Angelachester
MERLX5S0ZZ88Q39,Holden-Cook,Kimberlyton
MERX4BEVWMKD00T,Peterson-Nichols,West Paul
MER1BNA8HUYKK8X,"Brown, Garcia and Cross",East Bruce
MERRRLLHG7L0X52,Tran-Miller,Cathyfurt
MER84SUXHD16Q21,"Wilson, Vasquez and Preston",West Tracy
MERH95I0Q181830,Hernandez Ltd,Diazshire
MERMD1NZZMP72DD,Sanchez-Beard,Franktown
MERNK0F7SZTN7TH,Atkins PLC,Gomezhaven
MERC0TT4WA2D11N,Lee-Coffey,Cameronside
MERBZSOQ0A4FG05,"Wilson, Carey and Potter",Thompsonmouth
MERPG35EJHVSE09,"Crawford, Perez and Cooper",West Joel
MERC1MDVC2U3DTB,Gonzales LLC,North Brandy
MER8UMDCB6GZ07M,"Small, Smith and Everett",South Suzanneside
MER4DC6YLN7OBYF,Haas-Carlson,East Nicole
MERQG74ALZ2V47D,"Parker, Thomas and Cox",Woodsberg
MER2DYJCOUNL1JC,Villegas-Thompson,Johnsonland
MER5MAXMARGPSOJ,"Howell, Potts and Hines",Port Cherylberg
MEROH1X0RW1QWEQ,Parker LLC,West Nathanieltown
MERK3PSV9E2VYIW,Hull PLC,Richardfurt
MEROQ0QOBUPPYYO,Knapp-Kemp,Johnview
MERW9X7DX7YLO4R,White-Medina,Arroyoburgh
MERDZX8ENC12WSQ,Harvey PLC,Port Sherri
MER71P50RO8LA3W,Church Inc,North Andrew
MERKJLVHU63TEJC,Garcia-Mendoza,Arroyotown
MERI8NV7HMV8KNE,"Barrera, Kirby and Mitchell",East Brett
MERJ7SGPSDF9PI4,"Blackburn, Allen and Perez",Port Mark
MERPUJHU51HKPLR,"Rodriguez, Bryant and Delgado",Kelleyside
MER0KVL75OQUK8N,Hill and Sons,Martinezborough
MERDB4L19ZWOLMQ,Welch-Lowe,Port Kimberly
MERE1LV8CI791AU,Maldonado Group,Cortezshire
MERG3Y8ZQZ6SNCZ,Shaw-Boyd,South Richard
MERBAP8L7VQR9LJ,Raymond and Sons,New Jessemouth
MERFKUO4XO3G0NG,Webb-Jimenez,Johnsonview
MER2IJG04TKBVJV,Allen-Carr,South Huntershire
MERKX8RA8AQFJJM,Rogers Ltd,Briannafurt
MERGA93V8ZXHGN7,"Erickson, Sherman and Henderson",Lake Jacqueline
MERR8YMQZL6BU19,Cameron Ltd,Devinview
MERKG51B5AAVR3X,Leon-Hampton,New Christyview
MER18XFM896PDK0,"Morgan, Barton and Powell",West Jennifer
MEROKZYYSCIOE6B,"Winters, Johnson and Mckinney",Davidside
MERHDTKK0NKCT3U,Burch-Perez,Anthonyburgh
MERZJY2MLMCOABX,"Ware, Smith and Padilla",Port Janemouth
MERBUFV97AOTM51,Werner-Chaney,Lake Joelside
MERWWIYX77EECI2,Hernandez-Reed,East Sophia
MERB5CPWI5P4Y2F,Davis-Reynolds,Michaelfort
MER5C7STD3YEEHH,"Watkins, Austin and Sharp",New Christopher
MERC8JRU57RE2EV,Ortiz-Shannon,New Reneeton
MERRXP8I436DKWL,Davis-Odom,Brownville
MERFT7YJCBVFU4I,Carter-Perez,North Sharon
MERZ5656UNUPY46,Murphy-Haley,Petersonbury
MER9UWA68PXZI1M,"Fletcher, Moon and Romero",Lake Craigtown
MERT1CIUVHB7L4O,Harvey-Brewer,Port Jennifermouth
MERAW8XV5AR1T2T,Stewart-Atkins,East Samuelside
MERO2YQFLB77S8M,"Horton, Stephens and Guzman",Smithtown
MERP46HBZDF0D3A,Stone Ltd,Mariatown
MERTHQ9JB7GDQHW,"Donovan, Johnson and Dean",West Kathrynburgh
MER5PJC9S6GH0J0,"Moss, Lewis and Fisher",Robertston
MER66XK2X74CJSC,Vargas-Hammond,Samanthatown
MERHHET8OUPC5TE,Burch-Pineda,Lake Mollytown
MERSQAJ4HZTWAUT,Miller-Stein,Kimberlyborough
MERDDKFEFG80TOR,Oconnor-Garza,North Barbarastad
MERS1P6S3JYRV4K,"Roberts, Jordan and Hernandez",Cynthiaport
MER1HUI1E3TP4CH,"Barnes, Davis and Roman",Port Steve
MER55KVDZBO4JLS,Kline-Mccarthy,Kevinfort
MERXJQN28F6CT3P,Benton-Hayes,Biancaborough
MERXE7EMHRDG1D7,Chung PLC,West Adamtown
MER6NE71U0DT2Z0,Brown Ltd,East Hannah
MERGJV6RLEBLPEN,Rodriguez PLC,Bellhaven
MERDQDT74OHWYOB,Brown-Williams,Greenburgh
MERWLWUFU06RV3P,Watson LLC,Michaelmouth
MERRH9RWI3SHRKY,Ortiz PLC,North Cody
MERVP8NZ8XI9306,Hartman Inc,North Sherylside
MER6EAWSALQ44TJ,Monroe-Lopez,Rebeccashire
MERSYM8SYYOQ4EL,"Edwards, Fuentes and Maddox",New Jeffreytown
MERFD7WXE3HNQ0Z,"Bryant, Brown and Cook",Hillland
MERBD5Y6WA2F3OS,Haynes Ltd,South Amandaville
MERW5LC570CUV3M,Garcia-Cunningham,South John
MERRR6DB8R8JUO6,Schmidt Group,Christophermouth
MERKNE694UXJRBZ,"Anderson, Petersen and Bradley",Willisfort
MERZUETNACASCXZ,"White, Kennedy and Butler",North Megan
MERW27CRY6PHTU4,Fletcher Ltd,Thomasfort
MER4FIF7G2KOV0M,"Martinez, Moore and Singh",North Patriciaberg
MERWVHP2BOC3SOU,Bowen and Sons,Bryanport
MER3AID8OHMMFPB,"Snyder, Villa and Walker",Port Jeffreymouth
MER1D7G867JKHJ4,Martinez PLC,Wilsonland
MERSQF9Y19WODPT,Barnes-Sims,Nicholasport
MER39VPBOEK9YHY,"Smith, Powers and Ford",Kathrynville
MER36S7P3C4UEO6,Cooper-Baker,New Scott
MERLGVDF63RIBZU,Juarez LLC,Mariaport
MER5NP5SH9KPZAX,"Edwards, Davis and Johnson",New Lindaview
MERQ5ZUDUEAE79C,"Lloyd, Hamilton and Duffy",Port Cynthia
MERHEI3T53C99DS,"Riddle, Smith and Allen",Danielfort
MERM389EUD4HBRI,Wright-Williams,Port Carol
MER1A10ZBMV62YM,Garner-Sanchez,Ericafort
MER7NWYXTM5ISAR,Edwards PLC,North Sarahshire
MER5VHBVUPI5B5E,Santiago-Turner,Zoestad
MER51KRO6WVVD7V,"Joseph, Taylor and Castro",Riddleport
MER64ZN5GZ96Y5O,"Herring, Clark and Garcia",Millertown
MERQOREZMOORH4A,Rowland-Brown,West Nicole
MERWRIG4V8AY4N4,Brown Ltd,Jaychester
MERVU7HPDUM3D4K,"Holt, Green and Mcfarland",Hughesmouth
MERGD0SSVOO4AC7,Kane-Wallace,Adkinston
MERMFCMMIP5DTDR,"Rodriguez, Taylor and Hanna",Port Robertside
MERZI1ODLZ6LPJO,Fisher and Sons,West David
MERY28L3Z98CMFD,"Webster, Anthony and Gregory",Amyside
MERUS064JKFZ9GW,Harris Inc,Port Melissamouth
MERJM0C1JCGJRPW,Smith PLC,South Davidport
MEROAVNEN24L40X,Scott LLC,South Cherylbury
MERQTKIPL9Q5D5G,"Kennedy, Davis and Brown",Sarahside
MERLADQJ61W757L,"Ryan, Atkins and White",Knoxstad
MERJIX5BSXZXY50,Sanders and Sons,Lisaberg
MERNL01A7JVTAFX,Jenkins PLC,Hudsonland
MERNNQKUTIU1CJ0,"Smith, Williams and Coleman",Port Jessicafort
MER6SY43Q6GR74V,Sanders-Barker,Rachelmouth
MERZ8H8JCGBHYZZ,"Flores, Scott and Duncan",Cochranside
MERKEJ6LID6ZZ0Q,"White, Thomas and Larson",Maryfort
MERFS0Y3XOLPIK6,"Moss, Mercado and Neal",South Carolchester
MERASRAUV8G18A6,"Moore, Navarro and Smith",South Marktown
MERGUFARNFO3U7T,"Buckley, Wheeler and Harrison",North Roger
MERW8KLF8TPICU5,Anderson Group,East Debratown
MER4B3MK5O5AZEL,Hill Group,Estradastad
MERE58J03SHQJAL,Salazar-Andrade,Krausebury
MERAQL6QUIXJQM7,Wright-Nelson,New Deborah
MERD0NSH06W4JAA,"Hall, Wright and Rice",New Benjamin
MERCVZ92RAB7UT1,Parker Group,South Scott
MERTDVPWRVUX1EX,"Moody, Diaz and Marshall",Stephaniestad
MERF0RJFTOZG50E,"Johnson, Wolfe and Landry",Zacharyborough
MER076WEK19UZVR,White-Patterson,Williamsshire
MERWKIYOY16ELYY,"Wilson, Brown and Acosta",Brianburgh
MERQ7XOIWSQU0EE,"Sanders, Sullivan and Coleman",Lake Tylerland
MERMRO789TAOJ45,Mccarthy-Melton,Solomonton
MERQE5ARKLHUTA0,"Romero, Rhodes and Clarke",North Jeremymouth
MER3PCNFB7PRV6K,"Harrison, Butler and Arnold",Port Tammy
MERW5T9RUVBO2DA,Campbell-Carr,East Michaelport
MER4DD4V9J9TF0F,Escobar-Goodman,Port Anthony
MERPEPLL94JGB31,Freeman-Sullivan,Meyertown
MER688D8PS3FMBH,Hess-Brown,Wallland
MER0VFKB1WGDT95,Pierce-Mason,Jacobberg
MER49WCF7UV5NLJ,Copeland PLC,Costaview
MERM3VT2B3HQZ58,Mcdaniel LLC,New Brent
MER70XE4LLQB8RR,"Davis, Fisher and Bryant",Coreyport
MERNYK04NSOM32I,"Gray, Myers and Allen",Port Courtney
MERE5O7L70ZTDG0,"Taylor, Williams and Wheeler",West Jonathanburgh
MER1NYQ4ZHFX8YY,Wright LLC,East Samantha
MERZ6M2YL1JERHE,"Pacheco, Perez and Armstrong",Grayland
MERMFZB3VS74OMH,Mccarthy Ltd,Lake Davidbury
MERQFJS3UZMGOTC,Dominguez LLC,Whitakerville
MER0UFFFKOTWMUC,Mcintosh and Sons,Caseyshire
MERIMSQ6HNZAJAG,Wolf and Sons,Port Josechester
MER4XXA9X84E23E,Willis-King,New Josephville
MER2MSXPOM4DCHH,Johnson and Sons,Mauricehaven
MERGDYUS5G7B0B6,"Weber, Lowery and Roberts",Sheltonbury
MERXG0CVP669WFA,Allen and Sons,Bakerport
MER607Y8WXHWU5S,Jackson Ltd,New Samantha
MERCOJ04KBVYRM9,Rhodes-Scott,North Trevor
MER7HA7RBC3X0B7,"Hudson, Tran and Cruz",Johnstad
MER2WHGDHRZXOXH,Johnson-Andrews,East Jenniferhaven
MERICOMIK6YP9AW,"Williams, Hall and Bailey",Toddchester
MER041RS0HKUVG8,Rogers PLC,West Jennifermouth
MER4IY4CKPBFSMC,Johnson-Turner,Lake Joeltown
MERQ3IXOQHHJPVG,Martinez-Spencer,New Connieville
MERD6OG265IYFE3,Harrison PLC,East Audrey
MERHLMAGGJQCPPA,Martinez-Turner,Michaelhaven
MERQH7PYLCU2RW1,Davis Group,East Crystalfort
MERDGPSM2FQ7US4,Stephens-Kline,Zacharyview
MER0HZ73AJHAMBL,Adams Ltd,New Diana
MERDVSI6ILN83P4,Salinas-Walter,South Josephton
MERH6UEY2PTNNFL,George LLC,East Susanhaven
MERK1U2YFBJKUPZ,Williams PLC,South Shelbystad
MERKMV5BK246HHI,Martinez Inc,Michaelchester
MEROY9YIFKIA41X,"Ellis, Stanton and Patrick",Pinedaberg
MERUGEFZV9PKV2L,Roberts PLC,Millerstad
MER6ON64SXE9XOG,Hill-Henderson,West Christopherhaven
MERBNWI7TF97AKN,"Butler, Jones and Clark",Robbinshaven
MERGAKCCMWLJRI4,"Olson, Lane and Marshall",Lake Danielleside
MERMWMXTWBC7D05,Morales PLC,East Markhaven
MERA6VRALXXPF9A,Martinez and Sons,South Mark
MERZ1ZSNFS6X8Y3,Cantu Ltd,East Howard
MER4AIE7A9O9671,"Henry, Morrow and Pennington",Lake Ethan
MERKDJQLOP7DYFG,Sanchez Inc,Richardsonport
MERPOV1OIRD65CY,James-Cherry,Leemouth
MERML6AQGLRDG83,Morales LLC,Langmouth
MERHSFWCXWYZ6UW,Cole-Smith,Port Danielle
MERSD4RTHYIN233,"King, Moore and Matthews",New Troyshire
MERW03MMM5RDHR1,"Richardson, Hunter and Jackson",New Ivanchester
MEROD53WIR1MBNS,"Martin, Fischer and Matthews",Weaverland
MER3MGWL12RSNCX,Montoya-Jennings,Hillshire
MERY734ICUW7OBH,Bell-Alvarado,Brittanyhaven
MERXXW1LZEA5UEP,"Campbell, Massey and Banks",East Alexandramouth
MER8M4LZ0S8GW1N,Foster-Jensen,Stephanieside
MERI1K25GNVFSW9,Diaz-Adams,Dianebury
MERO153WG7DSTAT,Lewis Group,East Sergio
MER6I24QODG4ND7,White-Smith,Lake Judyton
MERAF8LTYRAOFOS,"Duke, Cameron and Shaffer",Derekport
MERXX4HSW09DK3H,Jenkins Inc,Greerbury
MEROY893XQ6ULVK,Li-Gardner,New David
MEROV0FNQGH3LF5,"Ramos, Donovan and Sutton",Kennedyshire
MERKN9AVXUBU949,George-Bradshaw,West Leonard
MERU71C1HKZHI6T,Barnes-Stewart,Ericfort
MERBYM3988LK720,Jones Ltd,Hunterville
MEREM31AUHKEFB1,Garrett-Stevens,New Shaneside
MERUNGDKPZEB3DW,Davis and Sons,Gailchester
MERFX83MQ41HX9O,Blair-Green,North Rachel
MERHZ3ABEBQC3A2,"Coffey, Cuevas and Armstrong",Allenberg
MERXSW4FDNND1B1,"Valencia, Reeves and Parker",New Haleystad
MERRUM12IA5MS5B,Townsend and Sons,Maryland
MERONI3B5AB2JRG,"Thomas, Clarke and Gomez",Andrewsside
MERMM6C9VBAO8HR,Miller-Moody,North Cynthia
MERK2XG3RW6QYUP,Simpson-Owens,Maysfurt
MER1JRI986EKA8C,Hammond-Cobb,Carlosmouth
MERH7DZWT80MALA,Hodge-Osborne,South Jamiechester
MERO0Y36CD8BY92,Hunt and Sons,Cummingsville
MERX30PK9DIVX48,Ali and Sons,Wyattside
MEROOLBQYCOG1BJ,Ward Ltd,Clarkchester
MER73QJ52EHQJWN,Montes Inc,Benjaminland
MEROW22DPV472SK,Bell LLC,North Robertville
MERSI9EQ7DC7PN8,"Esparza, Hernandez and Rodriguez",Amandamouth
MERFJSY5UWNAKNV,Nolan Inc,North Donaldmouth
MERTNXYADMCG276,"Vaughan, Smith and Jones",South Stephen
MERZTKWG54304VK,Martinez-Castro,Vanessaville
MER942XPDCHYAQ1,Hernandez Group,Claudiashire
MERV821RH8XRRCM,"Bautista, Evans and Stout",Lake Rachel
MERLDCOCNCQTEFU,"Edwards, Fisher and Watkins",Port Brent
MERDFBRJJG6LHUB,Harris Group,West David
MERATH0CMCY5J2I,"Nelson, Hernandez and Johnson",Cannonchester
MERFEI0ORF05NYT,Shelton Ltd,Howellside
MER2QPRTEQR1YNG,Crawford-Patrick,South Lorichester
MERNQTF1GPOWB25,Herman and Sons,Sheltonton
MERA25Y2AIBC5OS,"Gardner, Harris and Cole",Curtisberg
MERCTHUOERSQEQB,Silva and Sons,North Carlosstad
MERK87GU0D69NDW,Johnson-Greer,New Richardchester
MER52OKL2EUMG6H,Torres LLC,New Natalie
MER69NV7HINYUAV,"Mclaughlin, Pierce and Moody",Steveberg
MERJZO1001HZK3R,Clark PLC,Luisport
MERNGKXN3YKXLFK,"Hess, Watson and Waters",Baileyhaven
MER7CIGWDY2JXDS,Waller-Young,East Lisa
MERC5F2ZP4045XK,"Duran, Jordan and Murphy",Porterberg
MERRAGU1ERBLH4B,Black-Costa,East Kenneth
MERTP9S6Z3M9R8V,Martin LLC,North Eric
MERDOHC1TPRIUSR,Willis-Williams,West Nicholasbury
MERAYJZ9V8OPKED,Roberts-Robbins,Simmonsfort
MERGZP5YCLI3R3H,Rice-Smith,Erinburgh
MERJH9BDCOO69EA,Collier Inc,Colemantown
MER01UTQ2GC34X6,Mccoy and Sons,Martinview
MEROL660NJOKVZW,Shepherd Group,Samanthafort
MERYODHMRQDQUUH,"Bailey, Moore and Larsen",Port John
MER39Q0V4S2IL61,"Yu, Poole and Moreno",West Mitchell
MERZBVUTW3ZHJ1X,Phillips-Castro,West Jerry
MERXXJA31JKPANF,"Lopez, Rivera and Strong",Palmerhaven
MER4C9QLY8UXEC9,Clark-Matthews,Port Dustin
MERJLA2G7DN6F1D,Davis Inc,South Jack
MER6ZKKRU285NER,Hampton Inc,Lake Jack
MER6YPIA2IENRJ1,"Kirby, Bird and Willis",Lisaside
MERZ32S5I2BNPWE,Smith-Wilson,Jacobsonfurt
MERCBN383Z1Y53B,Paul and Sons,Russellland
MERNA3X6KR7TCS2,"Collins, Moon and Rowland",West Alexismouth
MERXREL8YSYTACV,"White, White and Jackson",Kellyport
MERDJN5VP2B1B2L,Chang-Bowers,Port Teresaberg
MEREIX9JC3LVJCY,"Jackson, Patel and Salazar",New Michaelmouth
MERFVJFG7ANIE88,Dorsey and Sons,Bruceport
MERTKLPXX1ALQVG,Thompson Ltd,Joshuahaven
MERT7Y3VA3CZT0U,Lowe-Cruz,Sellersbury
MERJAO75M9ONXFD,"Moore, Rodriguez and James",Wilsonchester
MERJRRK8Z3694PT,Hopkins-Cook,East Ronaldmouth
MERCTL0ZPVGB71K,"Lewis, Watson and Brown",Port Allen
MER7JEYW7MNIDP7,"Oliver, Morgan and Williams",Port Karimouth
MER0K3WPG0KDI0Q,Barnes PLC,Lake Ricardoberg
MERNI705C17L3PI,"Massey, White and Koch",South Davidhaven
MERVBWGT2495CDA,"Frye, Hill and Pierce",Whitefort
MERWEY7ZQJWZD9R,Howard-Tucker,Amandaville
MERC6IRO1CAV89U,Mcknight-Greene,New Laura
MERZQAHJZH212FR,Rojas Group,Proctorfort
MERW88407JQX6UW,Moore-Adams,Phillipsburgh
MER55TC1UXX4ERA,"Francis, Cruz and Reyes",Reesefurt
MER6OSRZA75NS2R,Ramos Inc,New John
MERC2Q85C22EI0K,Patrick PLC,Randyland
MER0U90SEJ8BMW3,Lawrence Inc,North Jocelyn
MERH87KGL7HOSK6,Johnson LLC,Smithland
MERUNZJ1BIV4ADN,Summers Ltd,Port Jasonland
MER33ZUBYZW3B2Y,"Morgan, Brown and Estes",Hamptonborough
MERRJ4SCWS9JD3X,Cox-Shaffer,West Gilbertmouth
MERELPKTZXGHW97,Jackson-Joseph,Silvamouth
MERN56BWIV80FYR,"Crawford, Herring and Higgins",New Colton
MER5DNYW9BULRCU,Evans and Sons,South Devin
MER4V774WFLKZX2,Schultz-Park,New Matthew
MERA0VAFDJEGSAL,Reynolds-Mcknight,Sarahport
MERWJNNSLMYTD5V,Ross-Mitchell,North Amy
MER3VDJR9JJNKJZ,Gonzales-Bray,Hollowayhaven
MERHDCLK0NS2MZ3,Davis-Garcia,South Jasonberg
MER7OZD8CPNMYPN,Francis-Davis,Royside
MERG988ZT6HQ9L5,"Ramos, Blankenship and Walsh",Grahamfort
MERZQOICZ4FUNQY,Lozano-Smith,South Chad
MERMAZCUU4IE5JZ,Austin Group,Blairburgh
MERBGGWVKT0YI3F,Price and Sons,Elizabethmouth
MER29A0STQGOW4X,Russell Inc,Pearsonshire
MEREX3RU0FK4D5Z,Harrington PLC,Rogersbury
MERS9J53SK9NW00,"Fisher, Kelley and Murphy",Port Donaldhaven
MERGJVJ7OGPL9U6,Davis Ltd,West Russellland
MER0KFPGZ2V851O,"Hardy, Little and Richards",South Joymouth
MERHX9KJAKK1X2N,"Nicholson, Schmitt and Joseph",West Julie
MEROJAWKZH0STG8,"Mayer, Avila and Sawyer",Maryview
MERJE8VYP50H055,"Burgess, Graham and Miller",Port Hannahchester
MER5E1GWM5VO0YH,Mcfarland-Anderson,Andrewfurt
MERJ5QPXHYMJEOP,Goodman Group,Ashleyhaven
MERVVMA9XF8S6UX,Russell-Porter,Bennettton
MERXS4WAFIICSD7,"Morse, Franklin and Mitchell",New Reneeton
MER5OWKGTGA6E01,"Olson, Marshall and Trujillo",Doughertyburgh
MERCHVDX69Q9FDJ,Spencer and Sons,South Andrewmouth
MERX7HSZW3HH3C1,"Larsen, Webb and Simpson",North Andrew
MER8X9XW4GQSE3T,"Brown, White and Wright",Brownborough
MERZEVINAKNWWVK,"Simmons, Hill and Mathews",Boydfort
MER5KCOYVACF9L4,"Rivera, White and Carson",East Donnashire
MERFPIODMLRDCYO,"Hughes, Buckley and Ramirez",Sarahchester
MERTJDPC28FGBQV,"Phillips, Hopkins and Smith",Christopherstad
MERJO5AJDLWM5RM,Potter Group,New Eugene
MERC5WGRV7TS5OV,"Davis, Anderson and Allen",Reneehaven
MERUGWICKEYPMP8,"Osborne, Washington and Robinson",South Jenniferberg
MER04577Q3LQ10Y,Macias and Sons,Williamfort
MERZK4FI39X61WF,"Stewart, Alvarado and Miller",New Deborahside
MER19PWWD7286HC,Wong-Green,Meyerburgh
MER6SD14SV4G9MG,Park PLC,North Brian
MERVE16WV4FN8SP,"Kelley, Nelson and Reynolds",Christopherside
MER5ODN9LEZANMS,"Clark, Burke and Warren",Charleschester
MER6H7F5AXYZ3NV,Andrade-Calderon,Lake Alyssaborough
MERXQWOSMBBKED7,Johns LLC,East Bradleybury
MERYTRJ3B6Q3URF,"Johnston, Faulkner and Hill",Albertfort
MER8QVJI28HTXXG,"Moody, Dean and Melendez",Sextonville
MERVHMJUFZH7W2T,Parker Ltd,Port Kennethfort
MER198FWIJINRM1,"Gutierrez, Jensen and Sampson",Booneton
MERKDG9YMZVH8J3,Miranda PLC,South Ryan
MER9FTTQ1LLTA0G,Manning Group,Lake Lauren
MERCJS58X14U82F,Smith PLC,East James
MERNN5EEEVNEPRE,Reyes-Allen,Hortonmouth
MERC0HE0Y9XAF94,"Carter, Sharp and Logan",Normanland
MER5BFJ7XF1AUSN,Delgado Ltd,South Cherylton
MER5FWSMZDGH0GT,Hall-Jones,New Heather
MERQ00U2NHWBT7B,Taylor PLC,Ibarramouth
MERX55TLSSAGSSE,Perez-Patterson,North Dianechester
MER8KTK9FVDSEK7,"Martinez, Montgomery and Anderson",East Nicoleberg
MEREM2V2O7F5M8J,Singh-Martin,New Rachel
MERW0TL7318PR5B,"Williams, Thomas and Meza",Hoffmanmouth
MERFTM2WCWTIO6B,Turner LLC,Anthonyhaven
MERFZRUBK1CUQO2,"Gibson, Benson and Rosales",South Andrealand
MER30ALVXR14YT8,Walker and Sons,Lake Michelleport
MER6U5W7OSLTF8Q,"Navarro, Adkins and Page",New Ricky
MERTF1L10MWG99R,Jones-Nelson,West Karen
MER2K6Y8TQQOF43,"Lewis, Moyer and Huffman",Angelicafurt
MERZ9ZWK0324C4K,"Jackson, Olson and Schneider",Johnsonbury
MERRA4UHNO1KRZX,Colon Ltd,Lake Matthewchester
MERL7AYCPEDADQ7,Preston LLC,Dianabury
MER1TOWFQCSS9O5,Garcia and Sons,Lisachester
MERCYBE471Z2WFX,"Jackson, Odom and Sanders",Daveburgh
MERWWZX7POIAJGJ,Phillips Group,Stevenborough
MERV6DWLITJU375,Smith PLC,Port Alyssa
MERTBHSUUA37Z69,Mitchell-Yates,Noblebury
MER22VDA8UJ9EDD,"Edwards, Trevino and Simpson",Lewisborough
MEREIBBTO7K9FNN,"Bowen, Hill and Walker",Roseview
MER0O8U5RK2FHMI,"Schaefer, Powell and Hill",Wendymouth
MEROMX0289F7G3R,"Cooper, Mann and Long",Kerrland
MERJ8L83MP9752O,Peters and Sons,North Meganton
MER34NOL76XEXHV,Webster PLC,South Jeremy
MERQYVJ1KVVLIWG,"Church, Petersen and Brown",West Kevinport
MERQ9MP5QFKEVWX,Scott-Lopez,Gibsontown
MERNWLBAVMORP9G,Vasquez Group,Lake Janeside
MERNZ4P3WSCC21Q,Russell-Brown,East Travisbury
MEREJ0WHL9QF95Z,Alvarez-Ward,Brandyfurt
MER6QCF60ZYA4VW,Baker and Sons,Joeberg
MEROMGISIE2T9CB,"Combs, Garcia and Johnson",New Jamesberg
MERUQPD0ULMU6WU,Garrett Inc,West Douglaschester
MER8VK3LRKYOSR9,Miller PLC,Lake Bethanyton
MERTXA5VTV3TICV,"Martinez, Brown and Hinton",South Mikayla
MER2VMPBJOIO1XS,Griffith Group,Pottsside
MERYBYZPF38KWAZ,Knight-Rivera,North Jenniferchester
MER1N5W7K5277FE,Green Inc,Walkerberg
MERPTZ1L6TA83JN,Martinez-Hill,Lake Elizabeth
MERTE1IJL7JIHST,Cantu and Sons,Blakeside
MERJ4OD6P2Y7014,Murphy-Hamilton,Karahaven
MERMQM4PSNCID3V,"Berry, Carter and Dickerson",Lake Jacob
MER5MPDDYJJ32H9,Mccormick-Gomez,Joshuahaven
MER1VFF1RHM3G53,Johnson Group,Garrettbury
MERNEVVCEAFPT20,Bridges-Hernandez,Jennifertown
MERRN8P96RWZB7Z,Hill Ltd,Parkston
MER088GBS8830D7,Gordon Group,Simmonston
MERH2OI36HSVBZB,"Duncan, Odonnell and Madden",South John
MER5OKDYOJEQEG6,Diaz Ltd,Jeffreystad
MERA4BKI397UHWV,"Johnson, Johnson and White",Kaitlinshire
MERSOPEI0272WLN,Jenkins LLC,Andersonfort
MERIUBH5SST4AJQ,Ferguson-Stanley,New Traceyborough
MERNMZNIC9NPNC3,"Jackson, Hanson and Brown",Lake Janetchester
MER99QC1B4PJVFG,Young-Beard,Kaneberg
MERQM5W1M990WKW,"Mooney, Villa and Flores",Laurenfort
MER2HCEJ1Q3LMRF,"Smith, Turner and Gordon",Boonehaven
MERTT50C73L6TXG,Conner LLC,West Frank
MERZHAWWYJDQ69F,Mayo LLC,East Douglas
MERM8B3O9L935V8,Cohen-Park,Christopherfurt
MERFM3MZK1F1YY7,Robinson-Kennedy,South Michaelchester
MERRZFIAZA21D2I,Christian and Sons,West Erin
MER9UUZZLX29FXY,"Hays, Price and Scott",Leeland
MERVWC0A10SD4HI,"Kennedy, Williams and Gomez",New Ronaldmouth
MERJ1IDG5FTGL2M,Moore PLC,South Dylan
MER6PB61YFL3Z2E,Kim-Higgins,Frederickberg
MEREKV5VST5U6OF,"Taylor, Tate and Moore",Johnathanborough
MER4KSD27NEZRZ8,"Stephens, Clark and Cantrell",East Richardfurt
MERRH8QNUBBM2DF,Lopez Inc,Lake Amanda
MERUWDKMZFXTYE9,"Price, Anderson and Savage",New Ashleyhaven
MER41V9VWFZ0TWS,Chapman Ltd,West Jeremystad
MER728MBW3I78GX,Lee-Lambert,Floresmouth
MER4TEMEI5B5NRJ,"Smith, Graham and Chapman",Anitabury
MER1BHWE005KGV9,"Bishop, Henderson and Ruiz",Lake Tony
MER0UPIHK5JVY69,Murphy LLC,Younghaven
MERQW9P6E0P8HWQ,Flores-Rivera,Fergusonshire
MERLV0W1FOGXIX9,"Estes, Johnson and Summers",Roberthaven
MER6XZ10RB9JTXB,"Mccormick, Hall and Carlson",Victorialand
MERGY36CXM051WJ,Dyer-Gibbs,Mcneilshire
MER2S2ZG51JY4PK,Reynolds-Ingram,Collinsstad
MEROEP6ZLEC7MH4,Thornton-Vargas,Emilyside
MERVAT74VICD3GB,Carter-Berg,North Justinview
MER5A75QSOCVD2A,"Lewis, Bradford and Cain",Doylemouth
MER3CPRXZRXOK0I,Park-Stout,Port Christophermouth
MERWSB18BZSRCET,"Vaughn, Dudley and Duncan",Port Crystaltown
MERFXGEF9HBLSNW,"Mitchell, Anderson and Young",North Timothystad
MERY2NMN3WYPFC5,"Cunningham, Chambers and Robertson",Batesport
MERWFZ2XPNDSUPD,Marks-Thomas,North Thomas
MERJDMYE5UF1V9M,"Garcia, Baldwin and Webb",Woodmouth
MERMMXE8KZ0STS1,Anderson-Flynn,West Tracymouth
MER91PDN9KJT5PO,Roberts Inc,Anthonyport
MERAL8W6B171NDB,Mason-Singleton,Smithton
MER3M0I3HHYFASN,"Griffith, Scott and Franklin",Wardton
MERSRE25T1041LY,Green-Stafford,North Diamond
MER3ZYAWPKCO5I3,"Murphy, Ramos and Baker",East Heather
MER6WXX3UHU7BW3,"Escobar, Owens and Smith",Bergview
MERV6N3QS5G63FT,"Luna, Smith and Martinez",South Christinaside
MERU71NDCDUDQWZ,Johnson and Sons,Port Lisa
MERN2SY6YZHH505,Flores LLC,Reillyport
MER85SDS271ECYP,Murphy PLC,West Julialand
MERTK9T80169BFT,"Frazier, Glenn and Smith",East Annemouth
MERYNARA0DGXOGL,"Bennett, Dixon and Smith",Port Kyleberg
MER4J6I5QOEQSLN,White LLC,North Mark
MERQ3ATROMF7KW7,Hebert-Reilly,North Michael
MER9B59DGM75ABZ,Hamilton-Bradley,Jacobsonview
MER4IZE2QHZBGY0,Clark Group,Tiffanyburgh
MERZVA014166Q01,"Burns, Strickland and Hatfield",West Sonyaton
MERZNN78I3V3DRH,Raymond-Andrews,Caseyfurt
MER2W0JYRD9SN04,Romero-Harris,New Hectorside
MER5ZQQK60738I4,Manning-Morris,Victoriafort
MER9QJ5KEYFGWRS,"Walters, Travis and Mcneil",North Julian
MERSJAU5TWWTF0X,"Lopez, Murphy and Roberts",West Sarahfort
MERWVZT8QTCTW5Q,"Cross, Wolf and White",Lake April
MERJEDUXHHX7SG1,Robbins LLC,South Alexanderbury
MERSGHOS948J61T,Rodriguez-Fowler,North Gregorychester
MERHK15OAWXV6G8,"Lloyd, Williams and Price",Jacksonville
MER37MBTQ21KQWW,Brock-Chen,Bowersport
MER929MKEXJX9H2,"Mendoza, Fernandez and Snow",West Frederickchester
MERGPD5VCE5T1DE,"Watts, Thompson and Miller",Mccartyfurt
MER2V60M3641C1Z,"Hickman, Beck and Rodriguez",West Judy
MERW0TIHJ2BA18W,Cooper-Johnson,Connorport
MERN6KJRM804GKF,Marks-Webb,Carpenterland
MERC01C1Q81YFRM,Riley Inc,Kathleenfort
MERRW8JAT2X6YMN,Schultz Group,West Allison
MER4VYUALYTOETI,Miller-Hernandez,West Brandiville
MER5PPXQXATIVUL,Farmer-Gomez,West Susanfort
MERYR8T3535P8V6,"Garcia, Bell and Davis",Ortegaberg
MER4RQ5DX79Q4NM,Hudson LLC,Jakechester
MER4UF8O8II5WE5,Harris-Williams,North Jennifer
MERAMNO7MGVTIAD,"Oconnell, Bennett and Watson",Joannamouth
MERGGDFT49IVTCJ,Kane Group,Walkerville
MERVM4NGX8FZAQH,"Green, Rose and Strickland",North Deannaton
MERBNSIMRBQT8KU,Wong Group,Oliverchester
MERY897YC7T19JL,"Fernandez, Munoz and Gregory",Lake Johnberg
MERW96NLK6DQ6VC,Johnson-Smith,Glennport
MER5VGSTGL6RHX2,Smith and Sons,West Cassandraport
MERFIYU1AH6SPON,"Reid, Gibson and Sanders",East Cynthia
MER9ZT27AWSP3CY,Weeks Ltd,East Casey
MERB6R2DPH0WOQP,Johnson-Mcdonald,East Julie
MERY5W1KT3F8NCZ,"Rogers, Powell and Warren",West Jacob
MER2HQ5ZGSVPV57,"Horton, Rosales and Oliver",East Rebekah
MERVTKHPMQ1CHTJ,Turner Group,West Bryanchester
MERIPWJZZJQ296F,Peck-Anderson,East Claire
MERI3K66BZD0QX3,"Jones, Houston and Williams",New Lindsayhaven
MERDU49NZM1V8Y8,"Clark, Lee and Sullivan",Shelbybury
MEROVNR91D216PI,Barnes-Morrow,Wrightfurt
MER3R6KJ78Y5FIO,Jones-Cole,Lake Christopher
MERGQWLP8KJZPZB,"May, Cooper and Tran",Port Anthony
MER4K7AQQ60VF2D,Chambers Ltd,Johnfurt
MERDFSGJXKNB6BL,Waller Group,West Justinburgh
MER5N8MTJ0Z4S3C,Williams-Reilly,West Jesseview
MERPF73NZFQJ977,"Jackson, Carter and Lara",North Amber
MERWXZNR5QJAEW2,Miller-Jackson,Wilsonport
MERM9AYX38S5MUZ,Smith Inc,Bradleyland
MEREW1YROO8BZKG,Maddox-Gallagher,Lake Michael
MERDGBV1389T4XP,Krause-Snow,Frederickville
MERYD8UNM3YIQA3,"Carter, Gonzalez and Castillo",Anthonyport
MERQ59KW88YVA50,"Gonzalez, Johnson and Lee",Harriston
MERBUNKKJ8D0SM0,Meyer and Sons,Gambleshire
MERWFXPH8YPAYKQ,"Rogers, Anderson and Romero",South Joseph
MER37KYJVEUVPBR,Bean Ltd,Rebeccamouth
MER93ENIXSEJ0R5,"Peterson, Daniel and Pham",Lake Raymond
MER6R2GB7UQTSLE,Payne Ltd,Katherinechester
MERUOSHFJWO4JF6,Alvarez Inc,East Amyfurt
MERPCTX2NVVP6P1,Marshall-Holmes,Dennistown
MERM90OF0VWJRD3,Myers-Rodriguez,Aprilview
MERMRO11OBIHSRT,"Dixon, Waller and Trujillo",Port Douglas
MERJZ60634LVEXB,"Roberts, Silva and Shepherd",Hodgeberg
MERHBUZWGWZTKHO,"Butler, Hughes and Pratt",Cummingsport
MERNI4A4MKAXQEI,"Pope, Hart and Garcia",North Suzannebury
MERG5IGR745AY1H,Garcia Inc,Lynnbury
MER1PG5UVH8L7NM,"Thomas, Carrillo and Wiley",New Jennifer
MERP91SXTF21WFX,Little PLC,Port Emily
MERXBMQCCTDDGLV,Collins and Sons,Jacobview
MER3NO7TKFL80GY,"Fuentes, Nielsen and Stevens",Bellbury
MERSYZDI7O9GI0G,"Lopez, Dunn and Floyd",Harrishaven
MERPH1RZSI9SWD0,"Williams, West and Fletcher",North Brenda
MEROHCOHINPUULQ,Mcfarland PLC,Fernandezburgh
MER4WM6GARJZADI,Garcia-Williams,Randymouth
MERR13ISRLAR5E5,"Haley, Greene and Paul",Martinview
MERTASWJK9L2EUS,Stephens PLC,South Amanda
MER99OZLH1LSDWG,"Wright, Williams and Brown",Port Cynthia
MERO7TPYMFB4YG9,Walsh-Copeland,West Christinaside
MERFQ8XRDY2NBF1,Bryant PLC,Stevensside
MERPIBHMZ9VGE0H,"Estrada, Williams and Johnson",Kimhaven
MERXDJIGFYAQK0Y,Baxter-White,Smithside
MER4Z19WIM5DZ4V,Perry Inc,Lake Jessica
MERYSBYTOT75TDR,"Lewis, Lang and Gonzales",West Katrina
MERH56KP05XGYM9,Hill-Mitchell,Herrerafort
MERTR8KIDWQ2CLU,"Wagner, Shepard and Allen",South Teresamouth
MERXCEVB7LNUIAN,Singleton Inc,North Gabriel
MERP7MLHRNCOIIE,Rodriguez-Orr,Colehaven
MERJ3YZZQY3JULN,Wilson-Zimmerman,Cassidytown
MERNDFTYAXGXWQA,Hendricks and Sons,Sanchezchester
MER3VMG7QI4WGOV,Sims-Hernandez,Connieborough
MERDMRORNS5BXAL,Barber PLC,West Robert
MERN837MS2AQ2WU,Stewart LLC,East Christina
MERMG1I5F8BE3WP,Gonzales Ltd,New Jeffrey
MERPDVRS349EQXQ,"Stout, Weaver and Campbell",Webstermouth
MERZWDD6NHYSMII,"Everett, Nunez and Meadows",Smithview
MER4RCD2XC7HJRK,"Jones, Hernandez and Singh",Josebury
MER8A0PAKY8XC06,Burns-Morrison,Dixonview
MERFSFLBAAHKI9U,Sanchez Ltd,Port Shawn
MER61XLVXLPKF8C,"Hinton, Barnett and Carey",Port Catherine
MERQHIT8VSFR3JL,Henry-Munoz,Henrybury
MER1YZ7VTW5RVB5,"Wu, Williams and Jones",Martinezton
MERS9S54S5MMT3J,"Vega, Richards and Mcdonald",Lake Jeffreyton
MERYT7GZQ1E8WJN,Wright-Jones,Silvafort
MERG0U4RMLHZBM5,Reese-Leblanc,South Stephanie
MERZVKGRLDS74UV,Thomas Group,Port Codyberg
MERHL73LFRGN6NP,"Carter, Arnold and Hughes",Bernardburgh
MER48QDHNRI7JY6,Wolfe-Curry,Port Kimberlytown
MERUSU82MEXL9HG,Garza-Brooks,Whiteville
MER42YRNWTAOJGM,Sanders-Mahoney,Madisonhaven
MER1MA5PGHX6YTT,Cardenas-Shields,North Jeffrey
MERNR03ZUS8V3XD,Brown-Smith,Christinaton
MERBSTIMG28Q9ZM,Simpson PLC,North Rachelmouth
MERH2WHKFHUBWDB,Perez LLC,Port Keithstad
MERSLNC8BQ201UW,"Delgado, Hernandez and Powell",Thomaston
MERAOF2OCZ8O9UM,Lambert Ltd,West Henryborough
MER1PLSHW2OC40A,"Robles, Harris and Nixon",North Judy
MERW1UIK5U8HVCA,Clay and Sons,South Jacquelinemouth
MERQV8J131CS97F,Larson Inc,East Rebecca
MER9YPEK2ST3QY8,"Henderson, Stephens and Stone",East Tamara
MERPL3O1H6A323O,Clarke-Kim,Watsonside
MER290B5U9Z8VJB,Lutz LLC,Adamsside
MERXLGMDDFFFQBR,"Armstrong, Jackson and Ross",New Tommy
MERY4KOEU5AIJW2,Barnett-Estes,North David
MERGC4WX3337N11,"Martinez, Gomez and Diaz",West Brittanyland
MERTR7Q6UQEB33B,"Marsh, Mason and Shepard",Ginaport
MEREAUUCO2G32WB,Mcdonald LLC,Rossburgh
MER0DSMNSC4EJKU,Lopez-Mathis,Lake Christopherchester
MERQ8DIPONRNG1B,"Griffin, Williams and Williams",New Amandabury
MER8HAGADUNZ907,Scott Inc,Port Christina
MER2BFPSLQT4OZZ,"Campbell, Williams and Buchanan",West Daniel
MER2HP6CYXYJWBW,Smith-Holland,Lake Deanna
MER9JXEEGS6SFRK,Williams-Guerrero,Mayschester
MERBR0HUB84B8RX,Dunn-Phillips,Cohenberg
MER16SU3U1KW3SP,Mann-Powell,Hayesbury
MERLIUL3PQ74VHK,Taylor-Baker,Seanfurt
MERA567YGZOZT1G,Clark-Mcdaniel,Stephanieberg
MER9IF0VVUDNTKP,"Snyder, Stein and Smith",Jeffreyfort
MER2S78MU16GM5R,Harper-Garcia,South Janice
MER4ZWA9KSSPW9X,Ruiz PLC,West Ericland
MERDSBT8SL7M9A8,"Lee, Campbell and Shannon",Foleyburgh
MERZXW83HJ2D17C,"Guerra, Moore and Fernandez",Jodyborough
MERYQHMUOLW3KWT,Gilbert-Peterson,Steventon
MERPM9SKI01F2H6,"Williams, Sanchez and Lee",West Matthew
MERL5M0D7JE1O2D,Foster LLC,Lake Christina
MERA116X757SYP2,"Smith, Ward and Jones",East Cindy
MERYY8X9O4HLRQY,Petty-Rodriguez,Ruizville
MER3FXMO1UHHUSH,Ortiz LLC,Franciscoside
MERIXCZ741CGQBO,Williams-Williams,New Tamara
MERSZL3KIRL13YO,"Singh, Shaw and Hamilton",Port Nathan
MER8XGDSR97ND0R,Flynn-Hamilton,Lake Tinamouth
MERUKARUBHZIPNM,Lewis-Taylor,Collinsfurt
MERC8U3QHS5P5RG,"Burgess, Johnson and Walker",Bradfordton
MERG2NGBX834BEG,Barajas-Holmes,Christymouth
MERTZRGFQHIEQQI,Williams PLC,New Keith
MERTSM00S7E94G0,Hunter-Mathis,New Michael
MERQINEOK1JC81U,Lee Group,Walterborough
MERMM6WP4KRUT3H,"Deleon, Sanders and Snyder",North Travis
MER52ZHM3A18D9H,Curry Ltd,North Rachaelville
MERW71YLOMR169C,"Foster, Mooney and Jones",East Christy
MER13DR7PKTWV4Z,Calderon PLC,North Biancachester
MERKQ68I6HX2OIK,Rios LLC,West Erin
MERX0SIIU0NSD8O,Hawkins and Sons,Apriltown
MERTQLDK1ZNN507,Hill-Smith,Mitchellhaven
MER4QUUTD570GNH,Ward-Velez,Walkerfurt
MERO3ULLHMLPAKN,Allen PLC,Port Julie
MER53YNLJMAMW7L,Young LLC,Lisabury
MERPNGKYQ010NWQ,Osborne Inc,Port Dawn
MERNE4E6DY8SXN3,"Wilson, Willis and Scott",Kaylastad
MERL28LAAKTL5CU,Watkins and Sons,Perezfort
MER7WYFT2RHIJQU,Kennedy-Keith,New Tommy
MER535ERNVZVIS4,Kent-Stafford,West Jessica
MERPZQIGKBBS5S6,Stephens-Coleman,West Charlesport
MERR1X8GVB0L7LL,Harris Group,Paynehaven
MERPXGFSFJ3TI0E,Hughes Group,South Williammouth
MERGNNID8P6OAW7,Fisher-May,Danielsborough
MERSWJ22FSFPV7Z,"Stevenson, Davis and Hancock",East Tiffanystad
MER795PBMCSGMMI,Meyers-Solis,East Jack
MERURM93P50OV0L,Moore-Holland,New Melissafurt
MERX9ANS0XUSMAV,Shaw-Myers,Angelabury
MER1D6MQ7U7TZ23,Parks Ltd,Williamsbury
MERZERLZ3R9BYTG,Smith-Hays,New Mariahhaven
MERSX108M175UOV,"Martin, Washington and Mclaughlin",Andersonview
MERI1O2EZSGWRZ1,Williams-Walls,North Todd
MERWNRZ1J1XHW0N,Lewis and Sons,Briannamouth
MERB6M6W427V2AY,Daugherty-Stanton,Amyton
MER10VFVWBZGSWB,Gonzalez and Sons,North Justinmouth
MERNVPV2VA3RU9K,Forbes PLC,Wrightberg
MER61QQVP8R3ATB,"Adkins, Hall and Medina",Hayesside
MER1BKIYTM8OERL,Armstrong-Cook,Miamouth
MERVFHDCZM5NZI0,Franklin Inc,Campbellport
MERO9OSM6AKV1JH,Cox-Carpenter,Smithshire
MERSRWBYFP0I8RK,Ruiz-Farmer,New Jeremyton
MERL3KMVDVN0S1O,Strickland-Santiago,East Katherineshire
MERWR12GRURZ72H,Wolfe-Powell,Fletcherbury
MER9OPRX2AS5LJD,Lawrence LLC,New Davidfort
MERDT92DDF14XUY,Anderson and Sons,Roblesville
MER66LY8HBKQW5E,Hamilton-Peterson,Kellystad
MERPEVCEC0Y3K0M,"Lopez, Davenport and Turner",New Cindy
MERFUKOD089YM2Y,Stone LLC,East Jonathan
MER3M4H561RTEGP,Morgan Ltd,Lake Manuel
MERJVT4TV6M4GFL,"Weaver, Thompson and Owens",Joshuafort
MERGHW34KUWNL7W,Johnson-Smith,West Lacey
MER0HPDH3VKLCA0,Goodman-Moore,Lewischester
MERSWKZAOVYWUCV,Cooper-Fry,East Gloriaborough
MER2TJZWRN3R3YI,"Garcia, Garza and Davenport",East Elizabeth
MERJK18M8U3UJL3,Mejia Group,Grimesview
MERNWRHFTCJS7YF,Moore LLC,East Rachelview
MERXLTZ78CDN0RH,Smith-Pineda,Curtisville
MERTOKNCN0DDBIG,Nguyen-Henderson,Marcuston
MERCYPUSON15L22,Bennett-Faulkner,Meaganshire
MERBQET1S8V9ZF3,Foster PLC,Kellyland
MER4DLTD9L8U5FB,"Hall, Warren and French",West Tylerchester
MERPO78SAI046IB,"Callahan, Franco and Yates",Frederickville
MER9R4JS1ELTJH6,"Madden, Burgess and Jordan",Kristenfort
MER428ZF2TB8HQ3,Williamson-James,East Martinton
MERSA51X99RXI99,Young Ltd,North Tarafurt
MEREK1R3KYVACIU,"Dixon, Young and Kelly",Port Richardfort
MERSJCZG7KCAZFM,Anderson LLC,South Jennifer
MERWFMUO4UT4T2U,Mann-Castro,Andresland
MERC2TKNP3LB1YJ,"Mason, Allison and Lee",Lake David
MERRBJAYYF20K7P,Johnson-Lewis,North Daniel
MER6H71X31TPKY1,"Holmes, Munoz and Reynolds",New Christinaberg
MER02K39TVBHCQG,Fernandez-Woods,Tuckerburgh
MER1QQ2MX0WMXZB,"Weber, Collins and Davis",South Teresaport
MERYNA80B6NP2WU,Wagner and Sons,West Anthony
MERC8SQC8LJJP2X,"Mckee, Wood and Martinez",New Erica
MERHON1CD66ON8M,"Gaines, Manning and Leonard",North Timothy
MERBTQV6LGEYEM2,Gomez Inc,Bradyside
MERTMHDSICL0123,"Jarvis, Gibbs and Stone",Kingburgh
MERIL9M1TCAE9TR,"Stevens, Oconnor and Buckley",Hillmouth
MER2WYFS2K7I8SF,Padilla Ltd,Lake Tony
MERCWI8IX20F84S,"Harris, Henderson and Walters",Josephfurt
MER1H7PE7STQU7O,Calderon-Carter,Perezshire
MERNHTKCS9F4U78,Dean Group,Washingtonside
MERHTKZ5R1DWXSB,Weeks Ltd,Barbaraburgh
MER7XDMR6R167JD,"Beck, Washington and Jones",Jamesfurt
MER7AG9YQGCYWZL,"Vasquez, Webb and Reed",West Rodneyview
MERYF8JY6DZINK0,Hoffman and Sons,Mendozaborough
MERB5LE8NUEWUPF,"Garcia, Zimmerman and Rowe",Mercadofort
MERJCFU0THKMF5P,Hill Inc,West James
MERFSCEDHH6YK0D,Ryan Ltd,North Wendy
MERZIA6P6W4SQKP,"Lopez, Bates and Young",Port James
MERXWJYK3CAYVKE,Phillips Inc,Ericshire
MER0A0S381LFTZN,Kelly-Pena,Danielmouth
MER9G7MISRRBXAO,Ruiz-Hoffman,Pamelabury
MERVCP70RT4GN9W,Fitzpatrick-Moore,Jonathanshire
MER3W19WJMP70LQ,"Smith, Woodard and Weaver",Kingfurt
MER2F7O11BMOTD6,Taylor-Barry,Ryanborough
MER1G0V0XACEC5W,Scott PLC,Lake John
MERRCF1D7AU8IFU,Pena-Torres,New Reginaldhaven
MERDK9QW23UQTJV,Bailey-Reyes,Richfurt
MERTGF1TW1NDG1O,Hunt-Young,Elizabethhaven
MERI6G8V4YB4HKY,"Acosta, Mills and Moore",Millertown
MERYJ7VN38U5KM6,Rogers Group,Susanton
MER88QI8JQRO43Y,"Price, Sutton and Williams",Jenniferstad
MERTYN57KYF6T1O,Pacheco-Smith,Dixonfort
MER14M4617WOP0T,Martinez-Fitzgerald,Bellberg
MERQKBO00YCS2X0,Dixon and Sons,Bennettstad
MERMA7GF2KFC5QU,Taylor-Tanner,Powellside
MERPI75325OWYMG,Mills Group,New Geoffrey
MER7AFR361RF9L9,Jenkins LLC,Clarkmouth
MER6G64YH4UVGSS,Johnson LLC,Elizabethside
MERZ41QZRFQQEWM,"Douglas, Sanchez and Murphy",Courtneystad
MERD3TU05HPD00Y,Suarez-Herrera,Patriciamouth
MER5BIEGD98MIO5,Jenkins-Cook,Amandashire
MER5RR7V8TT23PJ,Gutierrez-Bell,New Williefurt
MER0JBYX4EVSAIV,Ferguson Inc,Karenchester
MERDTQ7X9D82JW1,Foster Group,Lake Daniel
MEREADE90DRAXIY,Meyer-King,South Jeffreyton
MER049Z0D2LAMAJ,Cruz-Skinner,Johnsonmouth
MERVDTJM01Z0YHX,Ross PLC,Davisview
MERMX6BZUUWXZVT,Freeman Ltd,South Erin
MERP1M3V2RRUFR5,Soto-Decker,South Peterland
MERFU4Q9H1DDP52,"King, Cunningham and Conrad",West Troyview
MER335MO9F3423Q,Liu-Farley,West Williamview
MERR8BGKWMY35RP,Weaver Ltd,Port Christopher
MER48DU6LUX9ITB,"Rodriguez, Carr and Garrett",Cynthiaton
MERG57LS16NSMZ8,"Davis, Elliott and Gomez",Gentryberg
MERE938YBHBABYI,Scott-Acevedo,Shannonstad
MEREBO3DABTITOZ,Weaver LLC,Brianmouth
MERUDTGQ8IQRUD4,"Castaneda, Gonzalez and Goodman",West Johnburgh
MER1PQS52DBUR8R,Jackson Group,Lake Deniseborough
MERKSDIFS27DRQ3,Mann and Sons,New Charlesside
MER9CL5SYCV6EQY,"Richard, Carr and Gilmore",Huntfurt
MER86EEWPIIRI08,Williams-Hogan,Port Catherine
MERKVU3U4974OX7,Smith Ltd,East Patrick
MERW2H0D505BT4C,Burgess and Sons,Lake Davidland
MERO8B21IE013F4,Brooks Inc,Port James
MERINHYWBBWJ8U3,"Wilson, Rodriguez and Tran",Amberton
MERIWU7MVI9QTMJ,"Evans, Pham and Macias",New Luishaven
MERNYH7GFZFDGPY,Lopez-Roberts,Mirandaton
MERYFD5OOPYLIJX,"Hebert, Jones and Douglas",East Tracymouth
MERNDP3V1IHTBZY,"Swanson, Rich and Smith",New Eddie
MERNKL77OE7AXN5,"Walker, Woodward and Mccoy",Hunterstad
MERVAMXEODCO5CX,Cook-Jacobson,New Edwardside
MER05MKMW1SN0DE,Delacruz-Caldwell,Hubbardland
MERUZU0M8Q9K0AO,Morrow PLC,Lake Carl
MERETKI47J1XRUP,Stewart-Atkinson,New Dana
MERAF0V92MGGCUL,"Hammond, Ross and Morris",Barajasville
MER4LO7DOOXJ5H5,Scott-Lane,Leahtown
MERUO0PW43B4U3N,Robinson LLC,Brianchester
MER4WATRMUVPCAR,Sellers Ltd,South Holly
MERE01MZKU2NMBH,"Yates, Rodriguez and Gibson",West Johnberg
MERFF2ONY90VFAA,"Thompson, Lee and Terry",Melissashire
MERM4CRQV1WZZL1,Li and Sons,West Nataliebury
MERR82LPKIYLI68,"Jones, Cox and Jackson",North Sarah
MER6QV963XYL389,Bradford Group,Princetown
MERD4I34YGVGGYV,"Watson, Pacheco and Jackson",Port Robertshire
MERD368P26SEALF,Love Group,Port Julie
MERUQAEZWNJJE8Y,Roberts Ltd,Pearsonberg
MER5EKB5Z3WSWQC,Taylor LLC,Andreafurt
MER1PHVHNB4DQJY,Hart PLC,Anthonystad
MERFBJL67QIFEI9,Tran LLC,Thompsonmouth
MERYGJ014K53L8P,"Lee, Huff and Hughes",Danielfort
MER2JLUR3UR27W3,"Parker, Smith and Jennings",West Christina
MER8A76619R9H0T,Patel-Campbell,Youngchester
MER1V6TPVQFMBO1,Jackson-White,Donaldsonchester
MERKFIV8SH443QN,"Wilson, Johnson and Harris",Kevinchester
MERG9EDKS8182DR,Sims-Baker,Lake Paula
MERPZNE7IZ514XD,Bean-Lee,Dawnshire
MERX70U07PD513K,Gonzalez Ltd,South Brandonbury
MERQ1RKN2TNZ4KX,"Contreras, Smith and Griffith",Stephanieborough
MERU8TFX7F7X1NW,Mitchell Ltd,Lake Alexandra
MERKHIMR8PHRJXW,Cunningham LLC,West Sharonchester
MERSDQPKMLKF8TJ,"Watts, Dunlap and Fischer",Romeroland
MERCDIH3C71OALF,Cook-Castillo,New Mathew
MER012386LYG6IW,Green-Rush,West Matthewview
MERKWU2AJBFGI93,"Haynes, Cabrera and Henry",Simmonsstad
MERVOOTYXRPRXPV,Mcclure Inc,South Robert
MEREWJ451LCTB32,"Skinner, Miller and Hancock",Dannyfurt
MERBD8WSGUU4YV9,West LLC,New Edwin
MER9E6L1VMTQHAI,"Estrada, Parker and Porter",West Adamport
MERRPYN0INGTFE6,Mayo PLC,New Gloria
MER54AM1IEQTLGQ,Floyd-Snyder,Richardton
MERV1H5IY2OQO7T,"Banks, Martinez and Brown",Pattersonhaven
MERSZNQESRPARM5,Watson Ltd,Matthewmouth
MER5U5HYFQI7ZRA,Myers and Sons,East Laura
MERNI6SNOL81TE9,"Martinez, Brown and Schmitt",Port Lindseytown
MER3G8LKHH92170,"Johnson, Douglas and Morgan",New Natalie
MERIJGCF0NIKD54,"Weaver, Brown and Carr",South Amy
MERCU4JU4JY3J6S,"Jones, Garcia and Carter",Markport
MERJPKWJPEJXFL4,"Carter, Harris and Wade",Walkerhaven
MER21VZST0P421C,Jackson PLC,Rebeccafort
MERDRBQ9SBRBT2X,"Watkins, Nguyen and Clark",Hallland
MERQDN2KEK3YBG4,Davis-Williams,Mcdowellchester
MER6RQDBKUQBDBG,Foster Group,Lake Jerry
MERIFLYP20EV280,"Soto, Ewing and King",Stephaniestad
MERZ6XGKNX1Z5X9,"Robertson, Macias and Perez",Michellehaven
MERUGP3BPB5JZU0,Pham LLC,Bowersburgh
MERZL3OLW28XIF2,Wall-Johnson,Lucasside
MERPFRIFCW20FYO,Quinn-Lopez,Port Antonioshire
MER4EWX9J9WAXO7,Lloyd-Huber,North Donnastad
MERNML4GTTSFQMT,"Olson, Smith and Miller",Johnsonborough
MERIKW7QA36T07L,"Hamilton, Willis and Barajas",Alexishaven
MERIV0HF70YL1ZF,Johnson-West,New Stacey
MER93PLJ518MIAM,Key PLC,Johnsonborough
MERDH072SW3LNX2,"Miller, Zavala and Morse",North Tiffanyburgh
MERUQGCWA4YJMYY,"Thompson, Fisher and Jensen",Lake Austin
MERHDB7NESWHRQO,Woodard-Rice,East Franciscoville
MERSFO9LAJYD4AL,Roberts-King,Port Brittanyview
MERRC9TI9MC0Y6Q,Hernandez Group,North Crystalside
MERTN0RZFPL6R7T,Torres-Wheeler,South Meganchester
MER8FN144M16A2L,Gentry Group,Kristyview
MERBJFSF73U8C03,Koch-Short,Alexandrabury
MER07FBDU2Q4KB3,"Williams, Anderson and Hayes",Vazquezport
MERHGVBJSQEVM0L,Sandoval LLC,Alexanderborough
MERJTPXTRAXJUN9,"Thompson, Olson and Mason",Port Timothy
MERMKS0G4CDF0A3,"Barnes, Ramirez and Ford",West Kenneth
MER7F4NT17EZUPH,Dennis PLC,New Daniel
MERKWCNU26FLXQG,Brown-Simpson,North Patrick
MERPK0WL39Z9XOJ,Le LLC,Shafferview
MERMV502X0DQEJC,Martinez-Henderson,West Lauren
MERAHQWUWZ3Y72V,Montgomery Ltd,Debraberg
MERSISZAU1YI0A2,Gonzalez-Williams,Deannaview
MER147Y2E87RDIK,"Walker, Rodriguez and Guerrero",New Mary
MER05O8VG8C6QUY,Wells-Jordan,Williamtown
MEREEJJ3HJO3NCV,"Morgan, Weiss and Harper",South Brittanytown
MER5LPAG86JW6Q1,"Wong, Benton and Velez",Paulafort
MERKZQ3GQY3TG23,"Moses, Simpson and Murray",Lisatown
MERR0HJL8KNR8K4,"Le, Hunt and Lucas",Braybury
MERQAFONR7FTUO0,"Adams, Allen and Rose",Sarahmouth
MER3KRW45VKNEMM,Cook-Williams,Mccormickville
MER4V8L02FZ7TG9,"Garcia, Lambert and Aguilar",North Jenniferhaven
MER5XJBS3KXD7Z5,Dorsey Inc,South Taylor
MERZIW62A7H7GB9,Flowers-Ortiz,South William
MERH55BSD67WT7K,Quinn Group,Port Cherylchester
MERPL7G1SSF9DOS,Guerrero-Wells,Port Suzanneshire
MER9S018K8TW3B2,Thompson-Morales,Lake Kristitown
MERXJFX1RXUWFZE,Young LLC,West Joseph
MERXRRCGGR20TXH,Smith and Sons,Annahaven
MER4PH3DT4S1X23,"Spencer, Malone and Barnett",Jessicamouth
MEROG6NS4AYVXFU,"Rice, Jacobs and Willis",South Melissaborough
MER9ARCDWB8UM2S,Johnson-Armstrong,Mayofort
MER13S7JF67ROCC,Guerra LLC,Port Johnny
MER876T6DQI5Q9F,Webb and Sons,Jorgestad
MERZOLRXIGCF7SZ,Ross-Vance,Port Billyville
MER3GFEQ048XMHU,Villa Group,Brittneystad
MERFOQAPVTBQY7O,Rubio-Smith,Port Terriport
MERVQ26JKB78PN2,Howell PLC,Port Donnabury
MERS84N066GVTIC,Anderson-Kennedy,Alexanderbury
MER24ZZ63DQ8CZM,"Martinez, Dalton and Rose",Lake Jennifershire
MERI2TDRVJKGH4C,Munoz-Baker,New Patrickfort
MERI7SAKJ7DG8MY,Mcguire PLC,South Gloriabury
MERSBA039YK7JAB,Leon-Martin,South Eddiefort
MERD44E56ZY66D1,"Morgan, Morris and Neal",North Laurafort
MER79V653B9ARWN,Nichols-Dalton,East Christineland
MERF5URE2153JE2,"Hall, Walters and Neal",South Bridget
MERSO30EKYMPS46,Rodriguez PLC,Erinshire
MERTVNYIQUQM9T8,Webb-Anderson,Ronnieport
MERKHSQ9YVDVQ2T,Kidd Group,West Alyssamouth
MERNBMJFTGG3FS7,"Manning, Krause and Harrison",Sullivanton
MERC3MVF70E0RMU,Nguyen PLC,Ramirezhaven
MER332N737YQM0C,Simmons-Mcintyre,Lozanomouth
MER5M9JQVGMLQUG,Conley-Nguyen,North Leahview
MERX4V548LMGYII,"Deleon, Calderon and Dixon",Morganstad
MERCO0QQVC5JBHY,Pierce Ltd,East Traceyfurt
MERAOHXTINJYFW2,Simmons Ltd,West Kyleborough
MER50ENHMLC8VBY,Anderson and Sons,South Oliviaton
MERG1PCMUT8BK3F,Jones and Sons,Lake Sharonton
MERJJS7LGRZPR6H,Dixon-Thomas,Port Haleybury
MERN34M68Z02C1Z,Oliver-White,Jacksonfurt
MER3NIA4D8VUO4V,Miller-Ayala,Lake Maryville
MERV2ASTVH6NNKT,"Evans, Parsons and Wallace",Melaniehaven
MER7Z49NI1JE6LA,Gonzalez Inc,Port Stephanie
MERKAWU7E6PRPZ1,Ali LLC,Lake Scott
MER83DYN7EBAQBO,Lee-French,Lake Danamouth
MERA1CO2K2XXCHC,Brown-Jackson,Bradleyfurt
MERXG62939CY7S0,"Gill, Smith and Martin",Kimberlyburgh
MERE8Q601G5RWWQ,Donaldson Inc,East Jeffreyburgh
MERMQZ2DQN71AQV,Waters-Callahan,Lake Robertside
MERYRCU0HYUTIG6,Thomas PLC,South Marilyn
MERAR46AVUWOJ0X,"Goodman, Jones and Howard",Kaylatown
MERKB9J43MPKAFG,"Maldonado, Kramer and Perry",Port Jacqueline
MERC7TMQJFYQ9BC,Baker-Gates,Jamesland
MERA8WKEBBF0241,Garcia-Howard,Powellstad
MERSPQQI20GZGSL,Walker Group,Forbesside
MERCMPRN5XTO1CG,Reyes Ltd,Joelmouth
MERTB0OMBAEFDIH,Acevedo Group,East Nicole
MERWYXBUP5WL6OH,"Garcia, Torres and Moyer",Port Alanberg
MERO3OWUWT8MI2B,"Horton, Shelton and Simon",Thomasview
MERYTZR4X6WGBGU,Romero-Reid,West Aaronfort
MER3KEPPEQK1POK,Daugherty-Nguyen,Tinaland
MERIXMU72UMNYXI,Huerta Group,Christinemouth
MERTVGKRW81QT37,Phillips PLC,South Jennifermouth
MERGD8KSHXDEPZ7,"Moore, Robinson and Hayes",Nicholsshire
MERVEF8ZFG52RR4,Morrow and Sons,Lindashire
MERW0BUQKX4B9KC,"Sanchez, Brown and Burns",Lake Bettymouth
MERHDBZHWFWBP7S,"Martinez, Wood and Boyle",Port Kaylafurt
MERLGMGX1JBR421,Fowler Group,Jacobstad
MERTZXA7QWWIEOD,Richardson and Sons,Rayfurt
MER3ZL4AL5J6KBT,Williams-Parks,Rodriguezchester
MERPGKZ5CZ8XDZW,Lee PLC,Sarahland
MERNEJ3TMVBBE58,Weaver-Mosley,Port Scott
MER9UMB9P0ZJ9M4,Davidson Ltd,North Stephen
MER8SCDSNC0JAJ1,"Hansen, Wright and Singh",North Thomas
MERU85R4JAET8ZM,Torres-Nichols,Harrisport
MERTLOQYE4UVQ24,"Palmer, Odom and Johnston",Lake Tina
MERY0BH2Z0M1XRQ,"Lee, Best and Mills",North Cathyville
MER8LNZO4Q4S94L,Palmer and Sons,Alexandermouth
MERYOC3RVRX7Y6Z,"Garcia, Turner and Dennis",Jessicaborough
MERWXBOSGVYKPTX,Alexander Inc,East Lindamouth
MERJUEUUI9POYBE,Allen-Jones,Dustinside
MERTPHZPO9LJRW3,Jordan-Day,Trujillofort
MERL335SGYGH2YP,Blair Group,Woodberg
MERC17K0UAUCWAB,Mckenzie-Carter,East Ericville
MERT6OHXDTNKQE5,Cameron and Sons,Coreyshire
MER6XFBA1AMZ1KN,Gray-Thomas,Christinefort
MERH1G9U5VOTJMY,"Herring, Riddle and Curtis",Hayesside
MERYBJSJ6E4KZ70,Vazquez-Haney,South Jessicamouth
MER69JELVL7IHGQ,Dudley PLC,Jonathanstad
MEREX48ATCCQV2E,Russell Ltd,East Toddstad
MERJD1LOQW5OG3B,"Allen, Travis and Sullivan",Port Steven
MER145SNKFI0NN3,Gray PLC,Port Russellton
MERZUF5YUVLDJ8P,Hays PLC,East Paul
MERGZM0INEB90EP,Miller-Jackson,Lindabury
MER0F1QTK4AS2UU,Baker-Gonzales,Robertsview
MERYWN1T18AMP0R,Flores PLC,North Mistyborough
MERCM37IA77HPC4,Lang-Whitney,Williamchester
MERUPIPW73XEK86,Robinson LLC,Port Micheal
MEROD76YGNO0QDU,Rosales-Sanchez,Zacharytown
MERLRZQG42WU3TD,"Barber, Thompson and Foster",New Leahfort
MER1CFPNY3IRGQS,Adkins-Burch,Dawnborough
MERS24C4AU6XYAZ,Weeks LLC,Bradleystad
MER7CJHYXKLXD8Z,"Anderson, Moon and Stevens",New Rachel
MER8JCLAG31REMQ,"Coleman, Flores and Nelson",Jonathonhaven
MERT38HMTDD23RC,Green and Sons,Carlsonfort
MERA8G7Y77OI19I,"Wilkerson, Smith and Perkins",Benjaminchester
MER7XOF6197WVRB,"Campbell, Blair and Taylor",Williamston
MER9CDR13EQ7Z1O,"Mcdowell, Hicks and Moore",East Brandonbury
MER7PWA0OIOMA8F,Rojas and Sons,Scottport
MERB0ASQYS0LY1Z,Atkinson PLC,Davidberg
MERWWN8ZUMOQRAC,Quinn-Henson,East Cynthiaberg
MERR7IPJ0VVMGDC,Moore LLC,Markland
MERRPAN3O2K84GE,Jackson-Matthews,East Calvin
MERP0TYF04YUUAQ,Rogers-Curtis,Brownbury
MERVHISEM4MDY72,Johnson PLC,East Michaelfurt
MER5I9I4IM1KS57,Rosario-Beard,North Joseph
MERU32JVMCUIKJ6,Garcia-Jacobs,New Jonathan
MERQVO2S3N07R4J,Mack Inc,Gabrielhaven
MERAXYEZWUF11JI,Stewart-Carlson,East Melissa
MERD4CS36ZRMFX9,Mcdonald-Phillips,Kellybury
MER0B6MWS81KOZO,Nash-Cooper,Graceport
MERQT8ULXGXKWOK,Sanders Inc,Lopezchester
MER55IZ3QYYOD8I,Daniels-White,West Matthew
MER8EN0C1ZTLCO3,Espinoza-Chan,Lake Danielle
MER8NQVCXNLVU1M,"Smith, Grant and Walls",Port Emilyton
MERXV1RM2JBW698,Elliott Inc,East Tracyview
MERJRE76TVIXB57,Barnes-Barr,Davidchester
MEREKVLB0R9KCRD,Walton-Kelly,Floreston
MER3WYMB3RSE0KB,Turner Inc,Dixonfort
MERJ5UPRQHW1968,Carter and Sons,South Alanfort
MER0GWIH095LFI6,"Ortiz, Hernandez and Christensen",South Michelle
MERXCMVR0FNI79A,Lopez-Stephens,West Elizabethtown
MERWA0HAJ27J0LG,Watkins-Zhang,East Taylorfort
MERTK2K28KJ42CK,Martinez LLC,Port Margaret
MERDGAH0JPOBY3W,George PLC,Youngfort
MERF1WPDEX27650,Garcia-Burnett,Gregberg
MER27C4A1NTDKKP,Hampton PLC,Connorhaven
MERCSEBJ9BJ7SJV,Thompson LLC,Johnchester
MER7P81C0VJVFIH,Solomon-Moreno,Wilsonmouth
MERMQSK4IG0DQDE,"Lopez, Garcia and Brown",Ruiztown
MERSXCGIPN0AJWQ,"Hubbard, Flynn and Cortez",New Sean
MER3D8LPVESFR7X,Martin-Hudson,North Robert
MER8HA48EC4WFN2,"Martin, Khan and Hernandez",Port Amanda
MERZICJ8F57Q4B2,King-Lopez,New Sarahchester
MERAWDFA4A4JEEK,"Russell, Le and Hunter",Montgomeryland
MERET47TF816NVU,White-Calderon,Robertsmouth
MERHJ6DSISN751L,Brandt Inc,New Crystalfort
MERLF8KHVZ3OK4O,Moses LLC,South Anthony
MERJ4XF91MMFRX1,Perez-Hahn,Port Jasmine
MERMPRX3633H5DK,"Wright, Munoz and Randolph",Josebury
MERUVFY35ASXS0H,Myers Inc,Juliebury
MER9TC9LAB7J9NJ,Roberts LLC,South Nicholas
MERZPPGMHSQ8F48,Jones LLC,Ericport
MERTYERF07U5XVD,"Casey, Christensen and Wilson",Richardside
MERNISBKGLTLQYU,"Savage, Avila and Jackson",Brianabury
MEREOR3F7592DJ5,"Adkins, Elliott and Gallagher",North Rebecca
MER1V6F4NE8CN6J,Scott-Rangel,Javierland
MER0JS5RZZLUATM,Hughes and Sons,Jonathanmouth
MERCKR93MNZHVC2,Brown and Sons,North Jeffrey
MEREQFPRZH9KEL5,"Willis, Griffith and Rodriguez",Lake Dakotashire
MERIJNTUZCQR5JU,Lee Group,Henrystad
MER2SDP7G7S4YRE,Flowers-Brown,North Christinefort
MERH3FE0AOUSUE3,Harris-Bailey,Davidfort
MER1JYOHHDXLDSN,Davis Inc,Brianland
MERGBOL2GDROMSZ,Vega and Sons,Meganfurt
MERR5LI2EVSGI3O,"Sanders, Collins and Miller",Lake Ebony
MERPCPQBAKPTD9U,Fleming-Thompson,South Tracy
MER4XQTBAAU55PM,"Williams, Walker and Benitez",Juliebury
MERY1J32ANA8AG0,"Jones, Valencia and Brown",Michellefort
MERAUCQP6XLA5T6,"Mendoza, Coleman and Lewis",North Josephtown
MERNQ3JU9GLI3F5,Barrett PLC,Anthonymouth
MERKB0PZEY9P4E3,"Wagner, Garcia and Kelly",Keithmouth
MER363U7BRSWJ20,"Henry, Evans and Hodges",North Sandra
MER987OTXTZBCV3,Sutton and Sons,Matthewmouth
MERNIQF741UXZOQ,Thornton Group,East Charleschester
MERQVRNGOSWTOWM,Smith LLC,Port Kevin
MERU1MB56OYUWWF,Jones-Clark,Port Jamesfort
MER2ECZ0BBSHBV7,"Wang, Obrien and Gamble",Nelsonview
MERIA02ESAHZTN8,"Gallegos, Phillips and Garcia",Frankmouth
MERRKFWFILE2VBU,Hancock-Anderson,Davisfort
MERC8N2Z3A7ZGVV,"Keith, Fritz and Wheeler",South Dawnfurt
MER147MMAS04TVV,Perkins Ltd,Scottport
MER2R08XL7CIT3J,"Turner, Griffin and Juarez",New Sonya
MERROIS55ZTK88X,"Black, Martinez and Olsen",West Jon
MERCG583QOI2RBM,"Oneal, Valdez and Harris",Dickersonberg
MERQCZE0T6F94TV,"Porter, Brooks and Scott",Lake Andreaville
MERM5B61NFTEI1P,"Lopez, Ross and Brown",North Randyhaven
MERBHO6JI7FTFGU,Hicks-Mccoy,East Joanna
MERBOZ323UKXF33,Lester-Wright,Port Shelby
MER0Z1DQVU15GF6,Watson PLC,Stephenbury
MERTYB9EBVT0IQG,Gonzalez-Davis,Laurenhaven
MER3QVU5A3J08UA,Miller Inc,Anthonyland
MER8VVQ9K5238TH,"Perez, Knight and Espinoza",Scottfurt
MER2JO21UAP8X42,Stokes-Hendricks,Jamesborough
MERNI5FUV8EK4QR,Brown PLC,West Tracistad
MER3ZJFS7R3Y9GN,"Conner, Hernandez and Maldonado",Perezport
MERCCF9M7X0S4FA,Stephens Group,Alexview
MERQLNQGFVODKOV,"Pineda, Andrade and Howard",South Eric
MER8INCQJGXDTWE,Bruce LLC,Ashleyborough
MER7NRLJF87KIE0,Mata and Sons,North Allenville
MER0P5AD7WPEN68,Meadows-Delacruz,Connieberg
MERWJWJ4MVF2O1H,"Short, Rice and Williams",West Kenneth
MERW14O8COCRFT7,Walsh Ltd,South Julieview
MERWL7OH2CON1PH,"Smith, Sanchez and Atkins",Changville
MER620WAXIUNI00,"Macdonald, Johnson and Kelly",Stephanieburgh
MERX3HRCI6SNP3C,Hanson-Chen,Lozanofort
MER8OU0450NC284,"Torres, Ruiz and Brown",Vincentfort
MERGATWUD50ELTD,Marshall-Hogan,East Elizabeth
MERYNGUOLJ3X73J,Benton and Sons,Soliston
MER8ODCER6O2HL0,Wright Ltd,Cookmouth
MERF4A56XM79TAF,Maldonado Ltd,New Robert
MER9MTENKNQJR9P,King-Callahan,Morganview
MERAULTH651X153,"Young, House and Kline",Lake Amandafort
MERO4JGT0YK2ITM,Taylor Ltd,Morenoview
MERBH9YDM9U0EGQ,Mcdonald LLC,East Kristamouth
MERKNCG6PL73EYC,Ashley-Barber,South Melanie
MER76L2LTKOZOS1,Evans PLC,Houseside
MERH3DHEJ5VQ4WM,"Chapman, Mitchell and Huffman",East Christopher
MERVOF6D9A57WKU,Patrick Ltd,South Joanneside
MERNRYPXAAF7KBW,"Scott, Long and Mcdonald",Nguyenhaven
MERVRI25U49S144,"Andersen, Wilson and Romero",West Joshua
MER7457CUANJKMJ,Wang-Roberson,Martinezview
MERL8ZY1O6UMQS3,"Bryant, Chen and Moss",Sonyaberg
MER4QZQJMAJXV2Q,"Russell, Jones and Ellis",Patrickfurt
MER72EAR1AINGVG,Bailey-Caldwell,Masonborough
MERTREGSL2Y3M4W,Brooks-Scott,West Kimberly
MERLBK33ES4QGBO,Jackson LLC,Martinfurt
MERCECGERW777TV,"Nichols, Hall and Daniels",Thompsonville
MERHSLET1ADLXBH,Atkinson-Wright,Port Michaelchester
MER9LGLC2TV57TI,Chavez-Miller,Harristown
MERAAQQT7YI1OTO,Wright Group,Heatherchester
MERO6O287VST788,Wright-Hill,Lake Jasminehaven
MER9BCD0MEXX4B8,"Gonzalez, Gomez and Brock",Port Davidburgh
MERO2T7L74FIJNU,Wyatt Ltd,Phillipchester
MER5FYN2M7FOGQO,Lee Group,Barnesshire
MER82NWGNYIKQN5,Santana-Morris,Gordonhaven
MERFHOU7LD8PTAD,Hunter-Williams,Owenfurt
MERBU1BV2SRSBGW,"Lewis, Butler and Bell",South Michelemouth
MERJZHN1DQDXT05,"Davis, Cook and Hart",North Jamesmouth
MERVHUYTSDJVC2A,Wheeler-Suarez,South Glenn
MERK0WBNNMTCDHV,Burton PLC,Josephburgh
MER2TFW7AH9MIDJ,"Tate, Zavala and Porter",Ashleyfort
MERHSJX2O3C8IWY,Sawyer Group,North Josephstad
MERZX6Y5BC0XW9Y,Phillips-Thomas,Adamsport
MERU4FRQTZINPC2,Mendoza PLC,North Dawn
MERUGWL9FLB8MYJ,"Hansen, Bailey and Hill",Solomonchester
MER9IUV0VZ20R89,"Schwartz, Schmidt and Wood",Ericaland
MERJOCR5TD5LOLL,Brennan-Torres,Port Daniel
MERY2M5PSEU6Z21,"Martin, Pope and Simon",South Williamshire
MERWVAXXZSKTRXN,Nelson LLC,North Nicholasmouth
MER8W05QPW7D9IH,"Ali, Burns and Jenkins",Loriville
MERN4EY1XZQFCX0,Thomas-Castro,New Christopherfurt
MERQZSVD70Y6ZKX,"Moore, Tran and Vargas",Fosterburgh
MERDPP4B595YIHF,Meza Ltd,East Jasmineburgh
MERWCSS9UD9C3TJ,"Torres, Dorsey and Davis",East Kristin
MERQ801LGJNYVBV,Hicks Inc,Harrisburgh
MERRZJ15ECAFV1V,Brown Ltd,North Tammy
MERITLE1AFJIASP,"Collier, Foster and Martinez",Karenville
MERIA1KBJS1PDKJ,"Chen, Mccann and Hoover",Nicolefort
MER6PFT4OSBOXKS,Hubbard-Perry,Floresview
MERXT0MRIQPLLNM,Garner-Johnson,Micheleville
MERNCKQ0MMNSO9X,Fuller and Sons,Brennantown
MERAI2XGM5YNFM2,"Taylor, Smith and Price",Williamschester
MERMY046F2L2KCI,Johnson Inc,Stephenmouth
MERDJO965BOLWD7,Moore-Proctor,New Jasonmouth
MERIRD479KMOUWK,"Burnett, Brown and Kane",Jeanettestad
MER0KWV5ZMGBVE5,Hamilton-Fox,Meghanstad
MER9CP9WYQBWOFZ,Patel PLC,Natashahaven
MERFAVT87LQGQ3S,Williams-Rice,South Wesleyside
MERUY701TR00RPP,Russell Group,Jessicamouth
MER8TATFMCP2C98,"Hill, West and Brooks",Reginaldside
MERH4I2M9VQ9SO4,"Conley, Perez and George",Masonside
MERAHUCBSVR0JRA,Joseph-Kennedy,East Rebeccashire
MERONOWBCZ9Y09P,"Harvey, Hoffman and Drake",Charlesport
MER7UHZM0YHH70M,Marsh-Baldwin,Sweeneyview
MERSV3J5URFDP1K,"Davis, Hurst and Gilmore",West Marcus
MER2MBS14RWRID7,Hernandez-Cervantes,West Lauraborough
MERXFON8LF3ZMHX,"Mccall, Carter and Brown",North Gregoryland
MER7FUKW44YNABW,Brown LLC,Robertview
MER46NJZLBP6UE2,Russell PLC,Floresmouth
MER5NXC4W440UB8,Fletcher Group,South Ray
MER65X5R6T3QZ7Q,"Clark, Lewis and Obrien",West Melindatown
MERWNWGFJ8EBOYG,Smith PLC,Debrafort
MERQL0VZVRP4VJK,Hughes and Sons,Jonesside
MER069HJCH16B2G,Velazquez-Anthony,Davisland
MERXUJ38D0CFLXV,"Williams, Collins and Jones",Port Brandon
MERYCF8LVL4WHHS,Brown Group,South Jessicatown
MERGJABNF3ZYLY5,"Sanders, Williams and Ross",North Wandaborough
MERG75GGQSKEO39,"Howard, Chavez and Wallace",South Leslieland
MERX8978HE12OBK,"Lewis, Dougherty and Brown",Joannashire
MEREXULT88ARRW8,"Whitehead, Stewart and Owens",North Josephstad
MERPTBVXP0IP0G8,"Daugherty, Hill and Thomas",Elizabethfort
MERW78501DDG7CR,Salas-Sharp,Melissaville
MER5CIRWNO3KLDT,"Davis, Ortega and Gregory",North Anthonyshire
MERSWAYOHSGAV1U,Villanueva Group,Matthewberg
MERSTM1J549R2UI,Garcia Ltd,Joneshaven
MERLTYT7NFM6GYQ,Kirk-Hanson,Jonesmouth
MER7E6OQFC3V9V8,"Baxter, Parrish and Thompson",North Troy
MERRWPGWLFSS7EP,"Sheppard, Rodriguez and Garcia",Sextonshire
MERNDKU1YZRWVH6,"Hughes, Young and Villa",Welchfort
MERM872VP14IUPY,"Mason, David and Martin",Lake Kevin
MER0HZH0FEMG5ED,"Aguilar, Cervantes and Mckenzie",Higginstown
MER38LU36HV7674,"Roy, Jones and Flynn",North Curtis
MERPNCBJ6SSUI8J,Sanders-Randolph,East Bradfurt
MEROME2UNA81C7E,Hill Inc,South Robertstad
MERETEQOFQYV72Z,"Gallagher, Wilson and Clark",New Kimberlyview
MER3RNOH4U7XBEE,Brandt and Sons,Lake Lauraburgh
MER3V4JVXCL7E8U,Ford-Gross,Whiteview
MERPXOIC0B0MEGS,Smith-Davis,Port Rebecca
MERJ3BZEEV6XOKK,Mitchell PLC,New Jonathon
MERY1JMXRPMB33R,"Ortega, Johnson and Good",Rojasfort
MERP72HQT4YZMGQ,Pierce Inc,Beckfort
MERTH39CNOFMD2R,Perry Inc,Millerborough
MERI78X7047B65A,Gonzalez-Cole,Kathleentown
MERW4XE97YMH4BR,Moses-Gallegos,Wrightport
MERE2U20DILRWZ6,Smith Inc,West Christine
MEROK1YFTHCUZQ1,Frazier Ltd,West Brett
MERB6KERECXQJPX,Duarte Ltd,East Joseph
MERNIBAMKDS2TM5,"Curtis, Greene and Pugh",West Jeffrey
MER3BD03XQL2RVF,Lara-Rodriguez,Simstown
MERNRJB1X4FZLQW,Dixon Inc,Pricehaven
MERBR7Y5MB50CQZ,"Hill, Reynolds and Garcia",New Melody
MERFU92RK3VAE68,Harris-Jones,South Misty
MER068UDHFGR9D8,"Williams, Castro and Martin",Lake Amber
MERR784DH33WZWO,"Burgess, Fletcher and Fischer",Lisamouth
MERRYUSQJR15HJ9,Bailey LLC,North Amber
MERELZ2K8NS89IG,Spencer and Sons,Kevinstad
MERLNTZ6L2X5IEQ,"Chandler, Elliott and Vazquez",Johnside
MERVWZXHCH3K766,"Garrett, Stanley and Jenkins",West Brianna
MER5FAA77YMUZ9Y,Vang PLC,Jessicaside
MERL4LSGOX26L0D,Smith Inc,New Charles
MERAR8TEHCYIGV7,Jones-Camacho,Cliffordview
MERKYGEHB7MPZMB,"Stevens, Lowe and Potts",Johntown
MERMKXXFDH8VXHH,"Diaz, Johnson and Rich",Martinezview
MERNPWR7G31YO2Z,Williams-Stevens,Duncanview
MER1VI4Y62C0RQR,"Perez, Dodson and Johnson",East Adam
MERNL2SGKTSMYSN,Fields Inc,Davidview
MERD0PSGPID4VIB,"Anderson, Oconnell and Smith",Shortburgh
MER3HLO6K1DJZ6V,Bell-Waters,Noahhaven
MERXYP0EKBNUJP2,"Schwartz, Schmidt and Torres",New Tracyberg
MERAJWUU00UBQDX,"Holmes, Williams and Flores",New Eileenstad
MERZ5WYNIV6HAHL,Garrett LLC,Port Michele
MERPE5DJ7DRZD7D,"Ferguson, Lawson and Haas",Port Briannamouth
MERPOYO86O4PX9O,Bolton Group,South Jessechester
MERWD9WXTMXQZWQ,Lee LLC,Perezstad
MER9WWU9BA4CRN9,Landry Group,West Wesleytown
MERJF2EL9HZ15EQ,Moore Ltd,Lake Louishaven
MEROGT2N5AJNHJQ,"Bailey, Watts and Lee",Maryburgh
MER57KQWVQZKK8Z,"Boone, Schultz and Brown",Carterberg
MERBAXB7M1U3TBT,Ward-Martin,Jasonton
MER0WP2C281LDSQ,Rose-Barnes,Markton
MERH6TTT9P10M5P,Johnson-Mitchell,West Sarah
MERT2INTEE4JURM,"White, Wright and Campbell",Brandonfurt
MER0DREGK039B3U,Rivas-Elliott,New Timothy
MER2JSZMLJLYVRB,Porter Ltd,South Lauramouth
MERADX79O20BTE9,Cook Ltd,Chelseabury
MERERBGP96AB8D3,"Smith, Costa and Roberts",East Tylerbury
MERLG9PRBJWG4KY,"Smith, Rivas and Webster",Lake Scott
MERSLEJ8FQC0GO1,Adams LLC,Stevenborough
MER9J99JWQSN8G6,Foster-Sullivan,Rodriguezport
MER5RTNEQU5KHNI,Jackson and Sons,North Tammyburgh
MER5F2HK3PG025T,Williams Ltd,Murphyfurt
MERLJBXDC5U2E41,Gregory-Norton,Port William
MERCNE04S75WMKN,Schultz Inc,Martinezborough
MERFSS9D307EPPM,"Stewart, Martin and Strickland",North Robert
MERJVGW0BWYIPSF,Johnson-Parker,North Garrett
MERWQALLGIXRVIN,Barker-Huff,West Brandonshire
MERFZV2WHJJWMQJ,Nelson-Herrera,Jamesburgh
MERCITT44LFGABG,Brock LLC,Bethland
MERGCZ5ZWA1B6T3,Graham Group,Lake Carlos
MERHN6JP83EZ70S,Larson PLC,New Jasonside
MER7G884TTU4XDS,"Diaz, Lee and Contreras",North Adrianchester
MERT10R7HHEZUCM,"Clark, Davis and Reeves",North Amyview
MEREJIGMONJEW1S,Hall LLC,Martinberg
MER529WXDYUKBW3,"Richardson, Merritt and Rojas",Andreaville
MERUU8IIGUGCSEC,"Combs, Edwards and Ochoa",New Kimberly
MERDKK3N3HVWDKV,Kennedy-Collins,Sparksberg
MERWP3IWQ3IE6UY,Davis LLC,Leeland
MER78F6P5CV6OKF,Cowan-Park,West Lauren
MERO83TX69T2QOM,"Tran, Berger and Peck",New Peterbury
MER7WLDS3JBQTTH,Sharp-Gilmore,North Albertfort
MERIT8956VF2LVY,Perkins PLC,North Ronaldside
MERPBO5CLYMR27K,Bishop-Webster,South Matthewshire
MER1XWB7N77TLRK,Miller Inc,Stephanieberg
MERS6SR85V48JT3,Coffey Ltd,East Olivia
MER4SKUEPGFV7JP,Carlson-Miller,New John
MER70F4LH5LSU18,Bridges LLC,New Margaret
MERRUWKX7T4SHEE,"Davis, Serrano and Alvarado",Masonshire
MER0IVHM9JNBQGF,"Gardner, Franklin and Roman",South Eric
MERT32YH7CKP7MS,Nunez Inc,Melissaview
MERCKOX2DHHSTAO,"Young, Grant and Jenkins",Samanthatown
MER0I0J1LFAZDHM,"Daniels, Cunningham and Bush",Port Kristen
MERHTRSAR4RWOQL,Greene-Shaw,North Aprilfort
MERH0A7CE00L5NC,Smith Group,West Kristen
MER91C7T2MHUIAA,Bird-Harris,South Mark
MERJWICIIPLFOIU,"Cole, Johnson and Taylor",Markborough
MERVYUW0CSGSBSD,Smith-Wallace,Alexandershire
MERIDTEPVRGTF19,Williams LLC,New Jose
MERLE1N1YZ4F8G6,Chen Ltd,Port Christineton
MERJ4LMYBLO4FTL,Greer LLC,Vaughnburgh
MERW2QMB0VPFAGJ,"Campbell, Jefferson and Zhang",North Tamaraport
MERALKUPHF45GDD,Kelly PLC,Johnsonview
MERT43M40GRXJMA,Gill-Garner,Kennedyview
MEROIL9ZY9RR0LP,Reid and Sons,Lindabury
MER0FXBP3SXRIH1,Jordan-Riddle,South Rebecca
MERA993IM9WZVBE,"Padilla, Thomas and Fitzpatrick",North Matthew
MER292WEALBHLPT,Williams-Murphy,Maryview
MER8U6RULFPDACO,Reilly-Colon,Ryanbury
MERW0DWLVV6PQFM,"Giles, Martin and Cook",West Susanview
MERBKO4T2YMDW6J,Gould LLC,Jonathanton
MERBVDA91N8NZWS,"Barnes, Taylor and Charles",East Crystaltown
MER9BSRB55ERRFK,Brown-Martinez,Port Diane
MER0NHNHI4JIR9S,"Clark, Morris and Moore",North Darrellchester
MERFAJU3SV6YMUL,"Barnett, Norris and Newton",Port Amandaborough
MERPR3FVVNFYAMO,Kerr and Sons,New Michaelburgh
MERL6KGKYF0TIC3,"Reid, Phelps and Jensen",South Brittany
MER6X6YVCXEDJRZ,Guzman PLC,East Ryan
MERC22QADFOHPD0,"Wiley, Kelly and Flores",New Jillian
MERW2Y4CJMK1IUT,"Gregory, Young and Higgins",Jenniferstad
MERIFF61EX427DS,Fox-May,Lynchtown
MER5YRIFSGLLS3M,Wright Ltd,Herrerastad
MER64DO2TVTC3XH,Holloway-Mccann,New James
MERJZRGM7BH7CKK,Conrad PLC,Sherrifort
MERDQ4BIPL7AEMP,Robbins LLC,North Johnnyville
MER3MOTCC0GBG2F,"Jenkins, Middleton and Cooper",West Kevin
MERF20XVF9GOI4T,Johnson-Hardy,Larsenberg
MER2Z9IJ9HXB5TX,Robertson-Jones,Jackfurt
MERBDSA6I6FUAR5,Juarez-Hernandez,West Cathy
MERP0FVVIP9OIQD,"Ibarra, Burns and Stone",Richardfurt
MERADZ108K3WAQN,Hurst Ltd,South Danielberg
MERA3MND3SLBVZG,Hickman PLC,South Kelsey
MERLW580NTH94MF,Reilly-Neal,North Jacksonhaven
MERGPEUJTQZ1R49,Knox-Aguilar,West Matthewhaven
MER4YE96RYJ2ZBB,"Hardin, Scott and Wallace",Robinbury
MERDABN6ALPTWAF,Davis and Sons,Davisview
MERHS4BQM7499D6,Scott and Sons,Parkerside
MERN8H1YECL3GNN,Tran Inc,West Shannon
MERD7T1YBRJPXB2,"Cole, Waters and Sullivan",Samanthastad
MERECHMCA5YAYQV,Jackson PLC,Burkehaven
MERCG4VC2LM62DN,"Morgan, Gill and Ramirez",South Dennishaven
MERDS2YULMARKIX,"Mitchell, Cohen and Olsen",West Johnberg
MER5D6ZL8UZKSP6,"Martinez, Ali and Turner",Lake Amandaberg
MERXESYPCBBOS0G,Pitts-Bailey,South Colleen
MER3UN3VC5M2GLX,"Nguyen, Chambers and Flores",North Jessicashire
MER7WRBP085WLSC,Dodson-Campbell,Lopezbury
MERG9VCVRF945AU,"Hicks, Nash and Moore",New Davidborough
MERB7WGCTSAY4RU,King-Burke,South Amandafurt
MEROAAQNU1S1QBD,"Molina, Graham and Smith",South Traceychester
MERKDCU8ABCY1OX,"Fletcher, Hobbs and Collins",North Scottberg
MERZRS16ZYMY1HB,Goodman Inc,Malonetown
MER281XTNX4SEM8,Palmer Ltd,South William
MER5GFXB5AAXGRH,Alvarado-Jennings,North Bruceland
MERAKUYOR7YZHUU,Holmes PLC,Scottton
MER6EQGD863D6JO,Bond-Harris,North Kathleenport
MERAB7PJFWDRBLQ,Kelley Inc,Oconnorside
MERFAOWBUBOSR2V,Garrison LLC,East Lance
MERX6HR8FPK0NZS,Kennedy Ltd,North Carlos
MER2PSEKJ1IN7MQ,"Fritz, Sanchez and Meyer",West Michael
MER3SR6GFEN3EK2,Harris-Mcgee,South Carlberg
MER5ANJ0QES1ZJ9,"Maxwell, Castillo and Galloway",Smithburgh
MERHIS7QJ38AN0O,Bradley-Taylor,Port Kristi
MERNPQJBPM6LZYS,"Castro, Snyder and Ward",Port Amyland
MER4QVVKBQFTFE3,"Kelly, Marshall and White",Davisview
MER45WCN4FS29UF,"Greene, Briggs and Hicks",Gallaghershire
MERB620CVJIPU5X,"Kennedy, Williams and Spencer",Port Laura
MERDW91BRGXXNSR,"Vang, Anderson and Griffin",Kaitlynport
MERL3Y49E4O6OLV,"Peterson, Martinez and Brown",North Linda
MERD6WRWZ49YIBR,Hall PLC,Matthewborough
MERMGW084JM85T2,Ortiz-Smith,Sarahmouth
MERATYVMG5H55SG,Thomas-Mueller,Michaelton
MER6U8L6SF37S7T,"King, Ramirez and Mayer",West Christopherbury
MERT2P4WNWQK0RS,Morrison Ltd,Lake Jessebury
MERRNQZEAV93CRC,"Gentry, Fitzpatrick and Anderson",Stevenport
MERXSPWDZBHY4O2,"Cruz, Carr and Mccann",Jacobsberg
MER0LCUSKDI1QYI,"English, Reed and Gonzales",East John
MERRQYZAW5S0G8O,"Stone, Moses and Powers",Durhamland
MERNAFQEVJ90UWE,"Patterson, Hamilton and Hill",South Brandonchester
MERHSXS1ZRP4NZ2,"Hansen, Warren and Reeves",Christopherport
MERTP6Z1Q49MIV9,"Martinez, Ruiz and Wheeler",Paulamouth
MERYCOLFU7MHN7H,Ayers and Sons,Jonathanberg
MER8QHROPDMW0FY,Shelton LLC,North Mollybury
MERKH2278WUZ0G0,Pearson LLC,Heatherberg
MERL0Q398SHPW3O,"Campbell, Kerr and Marshall",Lake Scott
MERZ5C7NFINUMMQ,"Waller, Stephens and Flores",Lake Lisafort
MER041GNYFYVHHS,Lee and Sons,West Karenview
MER6WGCH7R4W8NB,"Williams, Stewart and Nielsen",Kathychester
MERYN5660Y5Y0JD,Simpson and Sons,New Josephmouth
MERDLNVAJJEV9UP,Vargas LLC,East Douglastown
MER5A1XKHY69JGC,Lewis-Fields,Watsonberg
MER8CTOLNBE4Z61,Campbell-Allen,Port Danaview
MERZ9R0T05GWKZC,"Jones, Morris and Blevins",Amberland
MERWNWXKUBQXI37,"Herman, Neal and Powell",Hoganmouth
MERDH247X52QVKW,Wells-Rice,North Jamesstad
MERCRRT6TWY8725,Heath Inc,North Peterton
MERT0OHKSXA0G48,Hughes-Black,North Jennifer
MERWOR4KMWEIN7K,"Navarro, Lowery and Jones",Lake Deborah
MER05DF7O5I51FR,Hall Group,South Jimmyfort
MER68OR9OWFOECA,Davis-Harris,New Kayla
MERFCSYJ87YIJQV,Owens LLC,West William
MERKPPYHQ3FAWOH,Johnston-Villanueva,South Leslieburgh
MERCLZUMJDO76IE,Jensen Group,South Amandaville
MERALJ1PHE55HJR,Melendez-Knapp,Lake Stuart
MERHE3F13DRBKYL,"Lopez, Webb and Morgan",West Curtisburgh
MERM2D8FRTUEF7E,Lloyd-Williams,Danielmouth
MER9U63TLCY2US4,Harris-Williams,South Michaelafurt
MER4K85NGPXHQ9U,Hunt-Taylor,West Lisa
MERFCBIDYXX8J0D,Lang-Dunn,East Billyberg
MER2Q5Z2387PDJY,Walker LLC,Riverabury
MERWL7Y8ICFB03B,Gillespie Inc,Stephanietown
MER1O3DQSFHI1R8,Holt Group,South Jenny
MERIPIV3G1TT3BS,Bass Group,Jonesville
MER0K39H965IRQS,Sutton and Sons,Bassberg
MERWXBNFNOZ771P,Sandoval and Sons,Longberg
MERTFM3DJ5VBT3S,Williams Inc,East Jeffreyland
MERZ9LWG5ZD8C6U,"Murphy, Wilson and Taylor",South Lisaland
MERXZW1DJ7YO3P2,Fowler-Moreno,West Andrewton
MERHT1YWDOG7OE1,Guerra Ltd,East Jennifer
MERAUQBBOAHEM3I,Casey LLC,Lake Jessica
MERW02HO1KNFUPB,Lopez-Clark,Herreramouth
MERKIA6HMZQMUCO,Thomas PLC,Port Jessemouth
MERRBC9CEO3BCH1,"Ramirez, Jones and Barnes",Aguilarborough
MERL2AVJEZUL6B8,"Beck, Conner and Gray",Lake Angela
MERBMZ30TYWOTLU,"Bernard, Potter and Thomas",Hallfort
MERE5L13VWMMS70,"Porter, Weiss and Anderson",Chungfurt
MERQWGAH1L72G13,Holmes-Cervantes,South Kimfort
MERQLZ3MB4QM6BP,"Mccoy, Hanna and Herman",East Abigail
MER2GYUZG86O66E,Love-Turner,South Kathleenside
MERO2QWQI5WC7XF,Williams-Burgess,East Lindseyton
MERMLGZ2Q0K10QA,Green-Hampton,Katiebury
MERSYT867QU6M9M,"Brock, Rush and Kim",Port Lisa
MERZZZOTH3HI0KI,"Peterson, Richardson and Coleman",Randyside
MER6MXZ8OCX7LBP,Farrell-Morrison,East Lisa
MER4CIV1Q2TS35H,Guzman-Norman,Bellland
MERA9VTGBH5XVLW,"Contreras, Sanders and Jackson",North Jessica
MERB32GXN743DVN,"Matthews, Tucker and Nelson",Byrdberg
MERT84V7VH69413,"Cox, Rodriguez and Jones",Cookton
MER24S7BG5CW3UH,Simmons-Barnett,Lake Michelefort
MERFK6VTGPT9G8A,"Thompson, Gilbert and Martinez",Greenton
MERDVJHIVQC30NK,"Miller, Vargas and Taylor",Port Gilbert
MERW04KH7QG59OB,Robbins Inc,New Kara
MERON13YJAUGW91,Cherry-Kelley,Pooleborough
MER4NV1I8OMLXRS,Walker-Boone,Aaronstad
MERBLX1OAXQFUMN,Odonnell and Sons,Lake Williamside
MER7VEKJVARJMQP,"Wilson, Moore and Ramos",Wallaceport
MER9VVTPZQ4FLZV,Wright and Sons,Frederickberg
MERDRRVVYRWZXAV,Ramirez LLC,Davidfurt
MER5Z3M7WNPWOUS,Soto Inc,Hebertberg
MERFQPCCAPDZ9OI,"Turner, Jackson and Mendoza",Ashleeport
MERMGLTG6DJ7WKF,Moore and Sons,Cynthiaburgh
MER8XFL3029L3CP,Bullock and Sons,Martinezland
MERK8E9A1J4722M,Thompson-Ellis,New Bettyburgh
MER5ZHVH2QX6M3G,Williams-Adams,Edwardtown
MER9NLH9DBM1ZMQ,"Gutierrez, Velasquez and Peters",West Robert
MER1M8S3YHC927Y,Cox PLC,Lake Nicholas
MER5BNFEQIG89T2,Matthews-Stokes,Juliahaven
MERSGR3FN69U4YF,Johnson Inc,Jackmouth
MER88Q8WINK4XSH,Long-Guerrero,Alexismouth
MER1II3F4E9PNZO,"Martin, Martinez and Wilson",East Janet
MERDMJTBUW91C8X,"Bernard, Crawford and Simmons",East Brittanystad
MER6MEGIEZJ2IZO,Powell Group,East Christopherfurt
MER78D3155EFP80,Alvarez-Cruz,Port Davidfort
MERMMGJTZOJLWYC,Glover PLC,Valeriehaven
MER3757KN49NV11,Wong-Miller,East Kristinaborough
MERCEKQSV9Q246E,Lane-Phelps,Samuelport
MERVR875VQ9CYIP,"Cuevas, King and Whitaker",North Patricia
MERIGOEIF94BN42,Garza-Gutierrez,Collinsfort
MERDO30OS93IW50,Zavala-Harrison,Carrollburgh
MERBXCWO9J520K4,Barajas PLC,Danaberg
MERGALDBAE4D4VT,Pope-Baker,Ingramshire
MERH3ONCN9PO01D,Warren PLC,South Sonyaburgh
MER46BM1PJ1M8QL,Baker-Martin,New Donald
MERKJJIUBQYKT3E,Page-Carlson,Keithton
MER9TYLHRH5TXK4,Harris Group,Port Jacqueline
MER9IGHIW8GRNKA,Melton Inc,Natalieland
MERCNRVZPP5BLBH,Miller Group,East Caitlinside
MERVUBMZJRGVUXA,Kennedy Inc,Donnaburgh
MEREBY14SN6CR9R,"Costa, Lee and Chase",Warrenstad
MERDJUUBAA3JJAA,Riggs Inc,North Amber
MERII2KTI46AB17,Walker and Sons,Ryanland
MERCPF5SXPA5LV3,Allen-Atkins,Port Lisatown
MERCTP6OQV3YQ75,Davis-Evans,North Sean
MERH46258M25NYQ,Johnson Ltd,Jenniferside
MERLAGTQQVGPLCS,Baird and Sons,North Nicholasstad
MERJ3K98W9KUDQL,Nelson-Smith,Port Brian
MERF467076FYCI1,Oliver-Brown,Lake Jennifer
MER11MOEN4OE0HW,"Kidd, Jones and Carroll",Lake Christinestad
MER79IBQHKZZDHJ,"Ray, Walker and Shah",West Lisaborough
MERGPE8WP1PI8K0,Hester-Sanchez,Smallshire
MERHCYR1JE7FH7G,"Bryant, Fletcher and Myers",Patriciaborough
MERXJ5R59ORRY85,Hill PLC,Blackfort
MERL3IZX3CCV4HT,"Foster, Rivera and Henderson",Hoffmanshire
MERS56HONT9EKK6,"Huff, Miller and Lee",Laraton
MERK8SMGL98R7LY,"Petersen, Johnson and Smith",Hodgeville
MERHA6AV842PJ6P,"Gonzalez, May and Bridges",Autumnland
MERT1WPI3VOM4B5,Thompson-Yates,West Michael
MERFU0RFF8RE4HQ,"Nguyen, Hardin and Garcia",Johnsonport
MER8TJ297P9NCTZ,"Evans, Schroeder and Smith",Rhondaville
MERIRX5CUYQ44GS,"Kim, Daniels and Freeman",North Mindyport
MERBAEYK33U21LE,Jones-Fowler,South Elizabeth
MEREG99U7EI8FW6,Davis Ltd,South Barbaraport
MERLVQ6AIPL9I7U,"Morris, Thompson and Williams",Ginafort
MERABVZX1FE3YBQ,Fry-Williams,East Mollyton
MERHRMBKHMV8S2R,"Snyder, Parrish and Meyer",Howardport
MERE3ZWFGO44T2U,Clark-Carter,West Brettport
MEROY7XQVLF9UNF,"Silva, Bradley and Long",New Daniel
MERS03FD7FAA7RB,"Parker, Aguilar and Neal",South Marcusside
MER6FU6ZL2R33GI,Kemp-Perez,Jordanborough
MER5D5T4YNRIUGA,Reed LLC,Josephtown
MERNDJ61O5W7UC0,"Lowe, Allen and Gomez",Churchchester
MERAXB4GVY9S75S,Hunter-Steele,Jackfort
MERBG2N0Y8TP0FH,"Hawkins, Vargas and Hernandez",Jordantown
MERXLJAH9VUOV0N,Walker and Sons,South Allisonchester
MERMY7P1PYJ1GNE,Shelton Group,Rachelville
MERFFABFCXQD14U,Murray Ltd,East Leahbury
MERBKQ4U5U6Q319,Rodriguez Ltd,Joshuamouth
MER244XX5NYX69P,Hendrix Inc,West Williamview
MER53Y51YZ1JE89,Price-Howell,Stephanieview
MERFBVXV2KG8Q4Z,Rios and Sons,North Elizabethland
MERM2X5HKS3WAZP,"Archer, Snyder and Berry",Alexandrabury
MERJI780LJ0XPSB,Rodgers-May,Combsshire
MERYVX8YGCQUOD1,"Golden, Duncan and Tran",North Justin
MER85M8G4JMWJVI,Lee-Ross,East Dawn
MERAPTKWO6YRTTH,"Young, Aguirre and Bowen",New Ronnieland
MERFY3SZU6TNPNH,Mcmillan-Marshall,East Ericatown
MEROWLK3LNO9ILP,Davis Inc,Hardintown
MERD8QD2NNAJPG2,Saunders-Simpson,South Lauraton
MER5LJLXJ9DHUA8,"Nunez, Pierce and Silva",Michaelland
MERP2EV7YG2U4O8,"Garcia, Luna and Mills",East Cameronshire
MERC6OXYC06Y3Y1,Villarreal-French,Port Robert
MERRUZVHS5U0D00,Gonzalez-Walsh,Allenstad
MER8GYR2GWUBXGJ,Garcia Group,South Bryanshire
MERV3B29NSXRFX0,"Delgado, Miller and Williams",Port Ashleymouth
MERT4HL2QU1J2PT,Stewart-Graves,East Emma
MERYQ872ZQU1GEH,Jones-Clark,Port Desiree
MERO7DPEW62YTM2,Ward-Malone,Anthonychester
MERPVNBB8LSO81J,Gonzalez LLC,Lake Christian
MER70LJ69JTHH94,Guzman-Lester,East Elizabethshire
MERDHQ1JQMG3F03,Thomas-Hernandez,Lake Walterstad
MER8BFO44HIRQ7E,Miller LLC,Nancyborough
MER8MYRNHNYE3XL,King-Walker,South Jeremystad
MERQ4N9MRJ418G6,Blair-Zhang,Lake Angela
MER0XLIWQYSZCMO,"Kramer, Hall and Moore",South Elizabeth
MER7SCYPUYKJU0N,Thomas-Boone,Port Charlesfurt
MER7F1RN60WBHJR,"Smith, Barron and King",New Jason
MERW3S2VEPQBBFN,Williams Inc,Millerland
MER7TE039VUETVW,Fry and Sons,Rachelville
MER9EQ8505HZ04V,"Holt, Holt and Villarreal",Rebeccamouth
MERZBSADP28H1ER,"Smith, Howard and Watts",Jillville
MER7J3TZUPLMXDO,"Miles, Daugherty and Schwartz",Colechester
MERAGX7SEG6MR94,"Johnson, Kim and Leonard",Jasonton
MERV83N6XC58NRR,"Wilson, Pierce and Roberson",New Jasonhaven
MERACCX7XWDDY7I,Skinner and Sons,Allenland
MERF6K8NBSV9L8C,Brown-Key,Longmouth
MER04YSZ20HZODE,"Fitzgerald, Smith and Strong",Huangville
MERPTWU00UTJPW1,"Mcclure, Mullins and Smith",Samanthaberg
MER85VTLDXLAFYD,Lewis Inc,Malonestad
MER8VDMTOEKF7EK,Lawrence PLC,Mccartyfurt
MERVLEPX99KW6PY,Miller Inc,Reynoldsmouth
MERXVZWWV30BY9Q,Cooper-Diaz,Lake Dale
MER6XMEWHXQ3215,Romero-Garcia,Glassborough
MER86V1VX5Z0M6F,"Padilla, Bruce and Franklin",West Dianamouth
MER29UZD1WNLS6N,Hamilton-Kent,Lake Angela
MERH1CQ232WVG9D,Moreno-Abbott,Port Jesse
MERQ48CYM9HBSI8,Cooper LLC,Dyerchester
MERPEYCC2PK7TSR,Daugherty-Coleman,Smithstad
MER36IQP2MGSGAA,"Barrett, Lawson and Watson",Lake Todd
MERTMK6S5WQG2CE,Smith and Sons,East Elaineville
MERY52YN9NLMVVE,Potter PLC,East Todd
MEROBKRQKE20AY9,"Davidson, Garcia and Rodriguez",Jacobfurt
MERNFZ0I1V3GHB6,Daniels-Gutierrez,Port Andrewhaven
MEROEGPLEX4KYXE,"Wiggins, Matthews and Webb",North Andremouth
MER5K9G94HL35GU,"Atkinson, Velasquez and Greene",Rhondaport
MERM93IBSDBPYK5,Harrell-Young,South Laurafurt
MER9VTUFH6IRJT2,Page Inc,Port Marthaberg
MER0JF2PSJFJYUH,Anderson-Jenkins,Fernandezville
MERQJZKHZ5DAUF4,Mclaughlin-Luna,Port Cory
MERXQY28ZDBIXD8,Cox-Sanchez,Longmouth
MERHQUAXAN8I8DN,Lopez-Owens,New Kelly
MER9YPM7CPZPNX1,"Dennis, Trujillo and Hamilton",Port Chelsea
MER9FFTI681P2L0,"Bates, Lee and Morgan",Jacksonbury
MER9FX5CAW8PHQF,"Brown, Reyes and Lyons",Thomaston
MERIXKFF708VJ7H,Davis-Carroll,Mccoystad
MERS8KF1IOQE6DV,Mack-Fisher,Port Sarah
MERDBZE5VF7S05J,Bowers-Cantu,New Darylberg
MER0W8ACUPYORK6,Harrison-Carter,South Traceyville
MER50T6GVY6QGS4,Brown-Mueller,Rileyfort
MER0W0T1PBMHP3Z,Mueller PLC,West Joshuashire
MERXF9VYK0LWYK4,Berger LLC,Port Gavin
MERKMUKI7RZAC1Z,"Bryant, Simpson and Becker",East Cynthiamouth
MERLSG1V3HEFSHP,Barber LLC,Blackmouth
MERNZ3UEOX0LA4Q,"Sanford, Graham and Crawford",Port Danielbury
MER02RR9HMKK0RH,Huang-Wright,Joannaland
MER77KJPH1T2308,Shannon LLC,New Curtis
MER96BJ6IT5XOYH,Hutchinson LLC,North Rebeccaport
MERXVIVAY8K9ECX,Cox-Rodriguez,Garyborough
MERR2LVTUDKVOYS,Hicks-Tucker,Sharpborough
MER10OYM7IQER8U,"Fowler, Richmond and Warren",North Anthony
MERUY5ARW3S757A,Quinn LLC,New Charlesburgh
MERAM3GQH1IG648,Rojas-Ellis,Rogerville
MERS6G1OXTDKWP3,Rivera-Warner,North Markchester
MERM8TGYC9XSI2S,"Wade, Johnson and Faulkner",Port Nicole
MERMKC3AX5BBBUZ,Coleman LLC,South Morgan
MERF0PL5LF8E6FK,Perez-Nichols,Elizabethland
MERLW3H4A9QOFNA,Davis Ltd,West James
MER0B32RM7J13GR,Knight-Marks,Port Summerfort
MERHPQ4URJXJ95W,Cook Ltd,Johnfort
MER3T0VTSEY840T,"Mckinney, Lynn and Jones",Michellemouth
MER8A2PIDUJ94BB,Donovan PLC,Grahammouth
MERIROI1ZO3B348,"Baldwin, Rodgers and Adams",Coxton
MERA8JIHPVS8S59,Stafford Ltd,Salazarland
MERUBXNVR561OZE,Wright-Thompson,East Paul
MER6807N9GYMTN0,Schneider Ltd,East Dominicmouth
MERPV8HQJ9ZWFWX,Ramirez-Johnson,New Billy
MERIHBXZ781D30M,Marshall-Cunningham,East Allenfort
MER0QZSLXYDJK10,Rodriguez-Dorsey,Allenberg
MERGCSZ0TM4LLKQ,"Garcia, Romero and Williams",North Christymouth
MERZF3SWVL3KL0P,Cross Group,Port Teresaville
MERVRD4YU07MOH0,Hammond-Finley,Jamesburgh
MERSTVMUODVT50T,Schmidt Ltd,Port Jaredfort
MERW3IX23DT4BJU,"Harvey, Lynn and Jones",Ericashire
MERWVUDQQ9G0JIC,"Johnson, Wade and Evans",Crystalburgh
MERO1BRBYVSDNPZ,Shields-Jackson,South Jasmine
MERL92ZY5N5DEBI,Barrett-Mcdaniel,West Lynnview
MERPUVOWNQF8WQI,Nelson-Boyd,South Maria
MER531AWHVEC9Q9,Hoover PLC,Bartlettburgh
MERKR37RCIM3610,"Welch, Potter and Gomez",Crystalville
MERNUS808PMSHNM,"Moyer, Hale and Robles",Lake Lesliemouth
MER3XEIH5KM3Q9T,Black-Lopez,Reneebury
MER4OWTYZCE1XNI,"Arroyo, Jones and Higgins",Mcdonaldbury
MERUJ5YZ6XA4SNM,West Inc,West Christinechester
MERSB4XTNYMB1QE,Smith LLC,Catherineton
MER0L9NGP22Y988,"Phillips, Porter and Campbell",North Peter
MERFA1MNK6ZSK1G,"Shaw, Mcgee and Crane",East Victorland
MERX4J80S1VW7UY,Davis-Allen,North Michelle
MER3QX1RHS9X4O6,Lowery PLC,Rogerschester
MERWDTN95O08TCU,Preston and Sons,Jensenfurt
MERTN6LMDGK212H,Parker and Sons,Barajasland
MERXATWJFCJLO8R,"Gutierrez, Wright and Jones",West Jacobland
MER7BQ62GAJ91OJ,"Byrd, Kim and Woods",West Frank
MERYJWEDM6RD5F2,"Morales, Galloway and Lopez",Fernandezville
MERFT4XSX8IZUI5,"Hill, Williams and Gomez",Fowlerchester
MERVTEAK8MPOUFE,"Jackson, Wilson and Holder",Lake Louis
MERH2SIFTROP7LZ,"Sanders, Herman and Thompson",West Sarahtown
MERFPGQWX0MGVLV,Gibbs-Mercado,North Sonyaberg
MER6LY78K66BZW7,"Hunter, Smith and Buckley",Boltonmouth
MER48EL2KSXE52M,Preston Group,West Todd
MERAD8E4K8NT6OH,Woods LLC,Jamesside
MER4ZT1PIGWVXLC,"Clay, Nash and Lambert",Lake Meganborough
MERH36BKRAG3WTK,"Savage, Richard and Gomez",East Tonihaven
MERUC0QDMX6I258,Anderson Inc,Samanthaside
MERMDKQ5J5VAJAT,"Roman, Page and Wright",East Patrickfort
MERZSPAME1IA0H7,Evans Ltd,Mcbrideberg
MER7QTSX8PHC554,Fernandez LLC,Sharonborough
MERG92ZFHEXM3P7,Smith-Torres,New Robinmouth
MER55U6E2DGIH6B,Knapp Group,Byrdport
MER1X4AH1E9JKEE,Wells and Sons,Combsland
MERQIA8ZOSD38O8,Jones-Harris,Henrymouth
MERV2QW4DWZV0TX,"Stone, Harris and Espinoza",Mcdowelltown
MERPT2FO5QGK8SR,Yoder-Horton,Frankborough
MER88Y08PLOTLET,"Middleton, Bell and Davis",Vegaberg
MERI8HJ563ZVZU3,Rodriguez PLC,Kellyshire
MERMRKYUKUGHYC1,Taylor-Robertson,Mitchellmouth
MERS5M6M4RXN54L,"Gonzalez, Cochran and Martin",Lindseyberg
MER7D7NT9VG6T4M,Juarez Group,Garciamouth
MERLZBCWRD8H5IX,"Watson, Wilkinson and Gomez",Lake Dylanland
MERHSXFMYHUJ71F,Chambers Inc,Byrdmouth
MERYQVAFV817F1F,"Melton, Sanchez and Diaz",Shannonfort
MER268EOZ1FBAOI,Moore-Cisneros,Danielview
MERUVJ5YQCRH4QR,"Rowe, Green and Evans",Sandersview
MERG6RXD6ZQAV9U,"Hill, Brown and Holmes",Paulaton
MERS4UBVQ2LHI2O,Rowe Inc,Simpsonfurt
MER1S55GV853DIP,"Chan, Wilson and Huynh",Jonesside
MERMTUX9BD3M786,"Perez, Richards and Patel",Harriston
MERD32HY74OC14H,"Hill, Garner and Avery",East Shannonborough
MEREQ5B79CG7CS1,Wilson Group,South Alyssatown
MERQBOQ56GL0T6E,"Farmer, Burke and Lowe",Whiteheadton
MERPLTX4WMRGPZN,Fox-Reed,East Makayla
MER5VNXF6417ZAT,Wright PLC,Walkerborough
MERFFE7WVRSA35D,Hicks-Martinez,Meganbury
MER4D4TA19SSSQB,Fuentes and Sons,Perezville
MERJIEHGCH7QS9J,"Young, Espinoza and Smith",Murphyborough
MERZ73CXIXZ3DMY,Galvan Group,East Stacyfort
MERHZOGJOJV1478,"Bell, Gomez and Howard",Davidmouth
MER8RWFZTT0ZB87,"Rodriguez, Mercado and Kim",Lake Gavinfurt
MER58MF5R63E5EU,Anderson-Black,Port Sharon
MERO13T28I3XM4A,Rivera-Hudson,Lake Douglas
MER1MJN34A1CPEZ,Brown-Dillon,Stewarthaven
MERS0PRMQDPJ7PK,Glass-Anderson,Blackstad
MERJ94OSNAKG4KC,Stuart Group,West Rachel
MERNH4ECDU6JLOK,Hicks-Mcclure,South Rebekah
MERWOPKSXOAUO3F,Avila Inc,Port Curtis
MERO34V014J0T42,Freeman-Lopez,Butlerbury
MER1O4HJI5PIUIL,Jensen-Smith,East Christinaberg
MERIJSCQY2PWOIT,"Beck, Perez and James",Lake Katherine
MER601ZSPSWZ6JB,Jones-Cooper,Dillontown
MER0WLZ58FZQ6AH,Hicks-Martin,East Russell
MERO4QSUTTPWU4V,Marshall and Sons,Michaelfurt
MERJZ1BKWSLKME9,"Bowers, Robles and Hanson",New Tiffany
MERSUSBF31BVSPZ,Flores-Watkins,Joannafurt
MERJ92BBW7NVRZH,"Martin, Carpenter and Brown",Knappshire
MERPP856J000QTN,Harvey-Anderson,Toddchester
MERIKAEADKFDRMC,Simmons PLC,West Amyfurt
MERQ5GVBG87S2EO,"Banks, Gomez and Bailey",Ericberg
MERIY2YBXL9G9AI,Adams LLC,North Ryanton
MERC3RGY3Y26DOG,"Boyd, Morse and Vega",Goldenside
MER3TWZVHPOQ4NP,Coleman-Bartlett,Murraymouth
MERHRAVWPI5PFI2,Fitzpatrick-Smith,Michaelmouth
MERQVWIKAUI4G5U,"Harris, Pham and Lopez",Kevinborough
MER6C3IHCW6NR5N,"Pierce, Harris and Crawford",Justinview
MERLFVLACZ64L16,"Krueger, Douglas and Little",North Gina
MERAK0CNZ04HZ2W,Anderson Ltd,East Royhaven
MERX70LFVNRXFP0,"Mcclure, Riley and Anderson",West Michellestad
MERBF1VMGH5JR0Z,Garcia-Hart,Lake Caseymouth
MER70I95ZOUZ1OM,Huffman Ltd,Shawnfort
MERTKXPM844XHYQ,Hickman-Crawford,North Steven
MER26I35AFHHZTH,Doyle PLC,Porterbury
MERERG9HUS6SSS6,Rangel Inc,Lake Betty
MER83M7GCBDCAJ7,Nguyen-Gutierrez,New Alexis
MERFJ17XAU89XP6,Travis-Martinez,Wolfeberg
MERNI0X0COMWX0Y,Garcia PLC,North Alvin
MERW248ABTWT76S,Dillon-Boyd,Williamsburgh
MERESD3773XS2H1,"Richards, Camacho and Robinson",Lake Roymouth
MERUYFETHWFIBAT,Carter and Sons,East Elizabeth
MERA98NLMTB29EA,"Jones, Johnson and Mullins",Floresshire
MERLIL8QSC79FC0,Campbell-Tran,West Andrewshire
MERYLP1MYS981QP,Holland-White,Port Kathyfort
MERRHTJB3G9NOOV,White-Bryant,Port Benjamin
MEREZ7T2JU93TMH,Long LLC,Bauerton
MERLK3O5MR5QYDR,Kennedy PLC,New Jeffrey
MER0WL56XKBD9CD,Burton PLC,Hicksberg
MERNRNS6GRGL1P6,Wallace-Curtis,Michelletown
MER93NJCE9N891O,"Wilson, Moore and Washington",Port Ericfort
MERDA2RZI55DCAY,Powers LLC,Bakerside
MERGHINQBFY4VTS,"Brewer, Thompson and Davis",Port Rachel
MER2CEHSF1ES60U,Larson Ltd,Jamesview
MERSFDAH1YQZS72,Fisher-Lewis,Brandiville
MERUF4Y6V0G8N6I,Mcdaniel PLC,Port Amandachester
MER2O7E65BD75N3,Clark Inc,Clarkburgh
MER6WHBSGHAEXZV,"Page, Green and Lopez",South Dalton
MERWBLQ998D46OM,"Bryant, Murphy and Sanchez",North Joshua
MERON3WRXMX6KRZ,Sanchez-Campbell,Hoganmouth
MER5HTPMCGB2NJ4,Williamson-Reynolds,Mariabury
MERYF93MCCSQR5R,"Baker, Perez and Pratt",Chadhaven
MERP8F9B2CBFXIB,Day and Sons,South Elizabeth
MER5TYL9I08B783,Johnson and Sons,South Jamesview
MERJICF3YM1MK85,Watkins-Warren,New Ethan
MERS4KHSJDIPB43,"Foster, Franklin and Cook",Hufftown
MER8PJ1BQ54C66W,Green-Nash,Lake Danielburgh
MER3E98YCP5MVX6,Frye LLC,Davidbury
MERTSLID605W5C5,Terry-Cisneros,Port Stevenside
MERQG2F5MW59IDZ,Mccann-Wilson,Elizabethtown
MER2T4Y365IY44T,"Taylor, Meza and Mosley",Markhaven
MER6YPW3U2BR2XT,Ashley-Perkins,North Scott
MERBYQNIDAIUQZS,Howard-Hess,Matthewhaven
MERO9PIAP2Y0RIL,"Bell, Peterson and Burgess",East Patriciafurt
MERV32W6T0NU1YI,Richardson PLC,Lake Matthew
MERM33QIV5GAQAO,Williamson-Reese,New Lee
MERRALAY2PMXBPX,"White, Stein and Bird",Sparksport
MER48UA102CT3MX,"Wilson, Banks and Thompson",Colliermouth
MER1BS3KKET17J9,Park and Sons,Port Curtismouth
MERO9Q2RA3PRVCL,Grant Group,Gabrielleland
MER32FUO2POLK26,Jackson Inc,North Katherineborough
MERK70RWP0RFLQX,"Gonzalez, Macias and Ayers",Jacksonshire
MER6T6FTZR3S7YN,Hamilton-Davis,Hoganport
MERQ5MFFLZXKPII,Reed LLC,Scottville
MERWD43BJRBNY9U,Harris and Sons,South Danielle
MERL38HMZLEM0XD,Carter LLC,New Heatherborough
MERPNO34YKRWJ1Z,Thompson and Sons,Port Jessicaview
MERB825REZL0U12,Walker-Holmes,East Megan
MERTQWQTGP1U201,"Boone, Barry and Wagner",Whiteberg
MERSW5USKA1HLU0,"Parks, Robertson and Hunt",Port Aaron
MERMG88XOFW2GCO,Stephens PLC,Port John
MERGT8GR45HIVZ6,King-Vaughn,Port Laura
MER4BCVK97FD9DP,Miller-Snyder,Mcdonaldmouth
MERIGKM2LO0PA3E,Ramsey-Evans,East Ashley
MERVQ431VZ19FGM,Beard Group,New Chelseahaven
MERGTELVD7T9FLL,"King, Brown and Thompson",South Ambermouth
MERYGZQTE3N8BBG,Mccormick-Green,North Kristenmouth
MERXFI71A8ZE3P6,Yang-Cole,Dennisview
MERCDDG6HXK8SKR,"Buchanan, Robinson and Day",West Emilyport
MERKB0P9JNE9UGI,"Bray, Escobar and Boone",Taylorstad
MER5Q7HB9EC0A7C,Glass-Lucas,South Kimfort
MERYJ1H2N8NAX54,Phillips-Smith,Sheltonfort
MERNDE8I16PTAA3,"Wright, Shea and Collier",Laurafurt
MERRQZNL4ZTHFID,Gordon Inc,South Hollyburgh
MERG4DP3HN7AC8N,Wilson-Kim,Derrickborough
MEREGLZRDQ1HR1H,Long Group,Shortchester
MERPEZAON30DP6A,Rowland PLC,Port Timothy
MER3JTXZ6HYZYRU,"Reynolds, Palmer and Duran",New Candice
MERIBTT75ABH6SQ,Wilson Ltd,Raymondville
MER8YXZMQCG43QM,Mann and Sons,Franklinstad
MERKYDMA77U20WT,Francis-Berry,East Jacqueline
MERE6RKSPE1CV86,"Smith, Avery and Taylor",North Andrewbury
MERNM51E5FK15E6,"Howard, Chavez and Goodwin",Melissastad
MERIWO1FNRYEP3H,"Fitzpatrick, Knapp and Bridges",North Jason
MERHMCZ4ZG4EUE4,Mccoy PLC,New Danafort
MERW23FWLIBQMCI,Thomas-Ferrell,South Edwardhaven
MER6DL6MMEW76AE,Oliver-Jones,Lisaville
MER8IDN2631R05V,Carter-Ellis,North Jacquelineport
MERUZMC0IOE5HTI,Taylor Inc,South Melissa
MERELH3JIK2JE3W,"Humphrey, Hinton and Garcia",Devinstad
MERRIZ33YUG5CSN,"Sims, Sanchez and Guerra",Hernandezton
MER6H31HVUY8BG6,Grimes-Thompson,Beardborough
MER0JF6YCDZG6NN,"Fleming, Mckenzie and Shaffer",North Jamesshire
MER3QM9RSPFXGT8,Fowler-Davis,Lake Sharon
MERVW2KOO0MMQ6U,"Mitchell, Santiago and Russell",North Kaitlynburgh
MER1O51ZUIT7SAX,"Davis, Hodge and Martin",Port Brandibury
MER1P59IPS8BLHV,"Sullivan, Randall and Glenn",Walkertown
MERUE5S3INRNZKM,"James, Carson and Davidson",Christopherberg
MEROAUHUHQ4TP0C,Hoffman Inc,South George
MER1L3WPLR67OJK,Barry-Gonzalez,Port Brittanyview
MERWP3JJZARLKCV,Garza-Pittman,Englishborough
MERWH2UDYKWYPPP,Gomez Group,East Michaelberg
MERW6TAXXVXGGP1,"Fisher, Brown and Cervantes",Lake Luis
MERGLS4C4L1ZRGL,Kim-Hardin,East Kenneth
MER4SM5PBAIJMJH,"Gibbs, Howard and Duncan",Colehaven
MERTR5EMPZKQ42X,Henderson-Morton,Jillside
MER29NETACZ7YGG,Cruz LLC,Richardshire
MERTD95OM784TPI,Hines PLC,Tranfurt
MERE1VG040894K0,"Romero, Mathis and Oneill",Nicholashaven
MERWKSKZ5KMLSRK,Brooks LLC,West Craigburgh
MERL9EE5XVO2KOF,"Gray, Figueroa and Nelson",Johnsonland
MERCST83LQJUXWA,Bass-Lindsey,Crystalmouth
MER3MSA3K47DFYY,Ferguson Inc,South Kimberly
MER1A8UJLQSJV5R,Jarvis-Harrison,West Elizabethshire
MER26LYEAR945RV,"Moore, Ramirez and George",Lake Amy
MERHQ74ILPARJIB,Boyd-Avila,Isabellaview
MERJ9DKBN9KH2EU,"Roberson, Weaver and May",Matthewsshire
MERYN8MOCB2C57E,Ochoa-Wright,Margaretborough
MER6UOGZSAASAJ3,"Garcia, Osborn and Jones",Thompsonborough
MERZ4QQK4F45YIA,Park-Torres,Lake Kimberlyhaven
MER6WVKOOXG8SLP,Martinez Group,Christophershire
MERV076TG9ZPZ7O,"Diaz, Smith and Lee",East Joseph
MER0G863CGW6DEU,Mcclure and Sons,Port Andrea
MERKJPZH6IYF8YM,Soto LLC,Tonyaburgh
MERV0L4ZZ76VT00,Rowe-Wagner,West Anita
MER7YU50KI571MH,"Pena, Maxwell and Estrada",Lake Jill
MERF53ANRAF3W5Q,Logan Inc,East Brianland
MERDALPYF2CXF37,Reed-Herrera,Cartermouth
MERNM3M0RMLEEP1,Lamb-Wilson,New Caitlynborough
MERI7P6H0433VXC,"Beasley, Burke and Foster",West Rhonda
MERG8296D1KUU78,"Blake, Johnson and Green",Olsentown
MER3SEH9P9REFX4,"Williams, Wilson and Perez",West Hannahland
MERMYWMICWQKSZZ,Jennings Inc,South Nicholas
MERTLNLMXHK28E5,Ross-Carter,Joneschester
MERUN9S8F8521L0,Powell Ltd,East Jayfort
MERHSZECY0ZAQZ5,"Clark, White and Garcia",Lake Nicholas
MERUZCG5PIDFH7E,Hancock Inc,Lake Anthonyfurt
MERKCRVUR4K31YM,Burgess Group,Port Shaneland
MERB9IPPFDGN3AG,Lynn LLC,Benderhaven
MERBSVLNA20YIMD,Orozco-Munoz,Armstrongbury
MERS9UISUJBZLB0,"Zimmerman, Cobb and Jones",New Amyberg
MERO9PNY14HB5PQ,"Vance, Wilcox and Perry",Jomouth
MERXQY4OAUJTPE2,"Yates, Parker and Hammond",Carterfort
MERZ0IDUNF3E43P,Berry-Shaffer,Matthewhaven
MERCN7LNZ4401T5,"Garcia, Rogers and White",Jonesberg
MERE7R8RMM0S5DX,Wilson-Romero,Port Stephen
MERIBA9I1V557ZG,"James, Wilson and Simpson",Dorothyside
MERLF1HLFKM64VY,Morales-Jones,Jesseville
MERMWZM6F7EWQZ4,Barnes-Acosta,New Corey
MERT3FGDPK9NNXV,Williams-Potts,Laramouth
MER7X9KB0K2WPCO,Hoffman Inc,Kimberlyfort
MERJ7ZLSGY445SK,Rice Inc,Perezbury
MERMQL0P98KQFL8,Larsen-Randall,South Bethany
MER8NZI4DO1V0K3,Gilmore-Brown,Markfurt
MERJJQ91H3ME5XW,Mccormick-Palmer,South Lisaburgh
MERPTCCWIU3AB5Q,Lam LLC,Lake Wesley
MERB29MT0O029N3,Schneider Ltd,Lake Michaelside
MERJNDW5HFXDXFX,Donaldson-Martinez,Lake Nathaniel
MERB94X2X4TB8U1,Elliott Inc,West Mary
MERD7M9KDV9R3N6,"Garcia, Harding and Melton",Danielleburgh
MERLF4L9KQ9T5VZ,Jones-Owen,East Sydneymouth
MERMIATIDF9GKV2,Lowery PLC,Watkinsmouth
MERTMNDMHSPZKN0,Vasquez PLC,New Jorge
MERS0SHWLHICDFK,"Castillo, Gibson and Ray",West Melissaville
MERZOS5KHHBJ4RT,"Cox, Jacobs and Thomas",East Davidland
MERB0BAAHW5672W,Warren-Haynes,North Scottfurt
MERFAM9BQG3K8RJ,"Walters, Oconnor and Brown",North Faithshire
MERQJZ2A1SE0OYD,Abbott-Washington,Kellerland
MER3AYOJM7A2SRA,Christensen Ltd,Greerburgh
MER94WGDURGUE9O,Weaver LLC,West Natashaton
MEREU2MDLYDMIWA,Bennett-Lane,East Andrewstad
MERGN2SZSWSKB4R,Garcia-Carroll,Lake Rachel
MERGLBTQDO3NSRZ,Garrett PLC,South Tiffany
MER0UXJFLQAEVDO,"Acosta, Hill and Rodriguez",New Patriciaton
MERW4VGC7YT170K,Gutierrez LLC,Mcmillanbury
MERK4HCH5GKWIQU,Murray-Cobb,West Luisfort
MERKZNFMSS14E3D,Krueger-Russell,Hermanfort
MER59WSONL869LC,Hernandez-Galloway,Jasonport
MERVUB3UJ8O9YG1,Kim-Holmes,South Ian
MERS1FK075BUZ8Q,Guzman-Adams,Lake Deborahburgh
MEROTOG2T7I3CPJ,"Schmitt, Keller and Green",Duranmouth
MERCRPIQ2U94VHS,Marquez PLC,South Donnaville
MERD6I8H2JVAECP,Fleming-Mann,New Amber
MER74T3BJ40R3Y4,Hall-Gutierrez,East Anthony
MERN4NX8POMQLVR,Boyd-Cameron,Martinezville
MERF9Z69DAHZSWP,Robinson and Sons,East Ricardo
MER12YG8WHPP15F,"Owens, King and Wright",Michaelton
MERC1WG6O61I44S,"Glover, Hayes and Harris",North Joshuahaven
MERU0MYCLPTNPAJ,Martinez-Preston,East Travis
MER6L5CNL7FYIT9,Dawson-King,Michaelside
MERGI0SE3FW56OQ,"Hughes, Rodgers and Richmond",New Angela
MERBXRTOLXMA871,Wilson PLC,Port Laurenmouth
MERK3S5F8ZR65IK,"Simpson, Gibson and Hall",South Erikberg
MER6XV5NJOSONLN,"Guzman, Charles and Rodriguez",Atkinsonfort
MEROSLPXO7LZT5Z,Roy PLC,Robertsport
MERYDSVKH6YEE61,"Love, Taylor and Lane",New Hannahton
MERT0O2O8O61VVL,"Rivera, Yates and Atkinson",Port Gregoryborough
MERN7FPX81T1T84,Delgado Ltd,North Katie
MERA0KKMSBJ38AI,Anthony-Rodriguez,New Jennifer
MEROTBE2LXST76A,Young-Powell,Simpsonbury
MERZOBH0CH1NPJ6,Hamilton and Sons,New Carrieborough
MERF9A9I0A2I736,"Phillips, Norris and Leblanc",Jessicaberg
MERXDICYGVXYT37,Thompson LLC,East Sarahland
MERSPR25EG47Z7V,"Brady, Rogers and Lee",Travisfort
MERGODIM3Q5B0YC,Holmes-Vargas,East Peter
MERXRGSNU6NTSB9,Gonzalez-Hunter,Frederickton
MERXJVA7OE2CSFD,"Scott, Beard and Ponce",Georgeport
MER1ZQKP5LIRQSJ,Stanton LLC,Wolfshire
MERN5R0UP34MXJU,Santos and Sons,North Nicholasbury
MERSPL2FL0Z0S71,"Davis, Robinson and Spencer",Susanport
MERN7RWM7YEYMTS,Phillips LLC,Greenfurt
MERH10TN1BPUXM1,"Wood, Wells and Perez",Fosterside
MERRYS3JDL2KWB4,Foster Ltd,Theresabury
MERKWUPBIY5J1CY,Johnson Inc,North Jennifer
MERFU2D95BP0F1U,"Villarreal, Herrera and Mann",New Amyhaven
MERWMEO1CD7D9TZ,"Day, Abbott and Cruz",Port Heatherburgh
MEREYL70U6LO1QI,Beard-Alvarez,Port Lorrainestad
MER5R337D1HOVVJ,"Gonzalez, Chaney and Finley",Codymouth
MERO6ZPDN4M6CYV,"Smith, Espinoza and Castaneda",New Natalie
MERRZYOUW3VDQOO,Johnson PLC,Timothyside
MER52LP1LIRB3Y9,Price-Lee,Meganmouth
MER8I79PLZD5UXT,Lewis-Patel,East Jessica
MERI96MWCSUZFT1,"Morrow, Vargas and Camacho",South Johnchester
MERW6FUPJODQR4J,"Ramsey, Watts and Schaefer",East Davidberg
MER06H56LKPO7XS,White PLC,Zacharytown
MERE6OQYV5JELB3,Boyd-Griffith,West Christopherside
MERLYJPY6IC4ZAD,Hart PLC,Morrisshire
MER85JHQ87EHS97,"Brown, Schroeder and Fernandez",New Victoria
MER1T4CD342X367,"Alexander, Simpson and Patterson",Cookmouth
MERXGG1H8TCBLZP,Rogers-West,North Jasonchester
MER8543BYN2CKXH,White Group,Lake Gary
MERCMNIE9JVT1M4,Frederick-Park,East Dylan
MERU12UCTNAUOKH,Parks-Mccoy,Ryanstad
MER708LN6W5NFZ1,"Wilkinson, Phillips and Blackwell",Seanshire
MER3JW1MHA8OAG3,"Vaughn, Trevino and Woods",North Jamie
MERO98A0PB7ON9C,"Barnes, Webb and Dominguez",North Robert
MERFW4805D9FH67,Joyce-Schultz,West Martin
MERAIUUFKYJJ4Q7,Williams LLC,Wisestad
MERSFQ2Z8FY8PDZ,"Quinn, Gonzalez and Rodriguez",South Christian
MERSK5DSNUZYFYA,"Rhodes, Grimes and Nelson",Woodsmouth
MERWAN168TZ2RSR,Tran-Mitchell,Port Jason
MEREORAOGD5PLM4,Martin-Andrews,Murphyshire
MER9F5X4QX0GVE6,Cook PLC,Davidfurt
MERYDA9QNAUZLRE,"Hill, Horton and Barker",Cookfurt
MERM3K970AV897D,Johns-Cruz,New Jessicafort
MER501MNR06I7Y4,"Duncan, Gonzalez and Ortiz",Berryland
MERYT52UNV7JK4T,Wright Inc,North Cory
MERZY5DH5OYYSXK,Miller Inc,Jessestad
MER60V2Z64KK80I,Villa and Sons,East Jeffrey
MER6DYODO2YLAU7,Haynes-Martin,East Jamesmouth
MERMD8W055X8GCY,King Inc,Lake Michael
MERMUP70NVWNF7I,Green PLC,New Janetchester
MERPOBF26NE8U9U,Chambers Inc,West Amy
MERMLU2DNBEP7UO,Berg Ltd,New Katrinamouth
MERX0LYTAH2ZMNF,Powell Inc,Lake Stephenbury
MERU4BDZ7SFQQTQ,Gordon-Taylor,South Monicashire
MERYK292HH2RCWT,"Smith, Hardy and Moore",West Roger
MERJBPHZ89SEWGU,Jones and Sons,Lake Sarahfort
MER0MGSTKPN7PI3,Long-Harrell,North Robert
MERV5WBK74UZCXK,"Davis, Mccarthy and Kramer",West Keithmouth
MERNSPAGFTA2Z65,"Sanchez, Schwartz and Church",New Michaelview
MERVSCRDZ4S0574,"Valdez, Ray and Myers",Mendezport
MERJGP784LADAJ5,Hardin-Hunt,New Christophermouth
MERWZ9YHGWWSR8W,Baldwin Inc,West Sandrastad
MERJU43AKYG987E,Parker Ltd,Johnchester
MERRGKK2BD1BMI7,"Bell, Fisher and Davis",Michaelaburgh
MER6VUBKEWDDM5J,Carson-Smith,East Erin
MERILH9MXD9FNC8,Bowen Group,Patriciabury
MERWXA2IWS4SVZ8,Lee PLC,Mariabury
MERQBNNLLY9S8BV,Lewis-White,West Henryfurt
MERPA2AC1OK90VZ,Brown-Gilbert,New Susanberg
MERI4058W3OIGHF,Stanley Inc,New Nicholasville
MERO719DTNQ9HR4,Blankenship Inc,Ryanland
MERU7YBH8ZCIBP4,Davis-Keller,Julianburgh
MER3XUUAES0K2LS,"Peters, Simpson and Savage",Phamport
MERL8R2MC85TBDO,Cox PLC,New Michelle
MERGGPHHDH41VYT,Butler Ltd,Arroyoshire
MER5PO1SVJ5JMYV,Mann-Horn,Lake Kathyside
MERQF4KMDUZ7ZYU,"Alexander, Wolf and Bailey",South Valerie
MER73TGUTJICMG5,Robles-Hansen,Lake Jessica
MER9GHL0UC4Y3TQ,Gregory Ltd,Griffinborough
MER67E6XUI1T0W9,Jacobs and Sons,Erikmouth
MERI9XY21L6VXC8,Jenkins-Johnson,Riveraside
MERR26T8KT09L76,"Bowman, Wall and Stevens",North Austin
MERO9GNT1EPWA5R,Maddox-Myers,Brownview
MERV1LENDUWVRFH,Hebert-Walters,Markborough
MER0OUJ2HNKS2F9,Henderson PLC,Makaylaview
MERT9ZJ0H668MHH,"Macias, Pace and Morris",New Roy
MERFVH0NQJWKZE1,"Duncan, Roberts and Holland",Rileyberg
MERYKJ7FIWAIDRF,Taylor Inc,Alvarezbury
MER3WJGYV2TUR4G,Johnson PLC,North Christineside
MER07KMZQU08ZK8,Garcia and Sons,Wolffurt
MER8E9V0ZXI27AP,"Gardner, Hernandez and Green",Lake Joseph
MERY4PULZ21V73N,"Peters, King and Smith",North Johnmouth
MERDJDGVJNQM5ZV,Hatfield-Stein,North Manuel
MERSRPO1GQ53TUT,Knight Ltd,Jeffreystad
MERLQ4SN6TUPR6N,Barton PLC,Port Christopherburgh
MERZKEHL6HSKM4J,"Leon, Cruz and Russo",Tylerville
MERVMFHZHQ1QMN0,Perry and Sons,South Duane
MERY0SV97AZR4M8,"Turner, Cooper and Smith",Warrenfurt
MER720FGJHAMQ2I,Hill-Lewis,Stonefort
MER8Q04PNKX576K,Evans-Lee,East Jesus
MERWB78J6BOW2RG,Brown-Logan,Danaport
MER9D3U5UFGR4CO,Miller-Waller,West Tanyaburgh
MERCWEYQ5XSH7M0,"Smith, Long and Frank",Lake Rebecca
MERGZ6W7FCWGG0W,Willis Group,Stevensstad
MERRVFJWBD5J927,Haynes-Rodriguez,Dianaland
MER4L73A25XBB37,Bruce Group,Rodriguezburgh
MERW6QJLV07ONPU,Cox PLC,Jonathanhaven
MERNNG14LLB1VLT,Stokes and Sons,Salazarport
MEREFDJCD00IJMS,Thomas-Martinez,Marialand
MERNRNV0TXCHKD7,Peterson and Sons,South Brianberg
MERW6H2EPLGB10F,Becker PLC,Odomtown
MERBNPLHPEJA1NE,"Cohen, Harper and Rodriguez",Ericburgh
MER9SXNQ1HD1RK4,"Scott, Martinez and Berger",Port Johnview
MERY4MXNF8SXOGB,Gutierrez LLC,South Jeff
MER0XOKBL5SKVGY,Williams LLC,North Alyssa
MERRHMZ12YMO4P5,West Group,West Vickiechester
MERQD0OGKP1O8SN,Mcintyre-Jones,Brandonhaven
MER0O6QBH3CJF6Z,"Christian, Davies and Crawford",Banksfort
MERHSAN9GZE4NSV,"Kelly, Sloan and Nielsen",North Heidi
MERDLLFMZKVT2O9,Williamson-Edwards,Ramostown
MER5SCWPZ839U9R,Hayes-Harper,Williamfort
MER2URH2DX25UD2,Anderson-Taylor,East Ericside
MERCWU1I4HX6A80,Rodriguez-Barker,Lake Kelli
MERFALR6NAW31PH,Cole Ltd,East Crystaltown
MERXZ4R0HSQ2VKN,"Miller, Garcia and Taylor",Chambersside
MERS4B54GZ5JDTP,"Mejia, Lewis and Hines",South Lisa
MERHF7AZYFD0GV0,"Williams, Baker and Clark",Owensfurt
MERAT0BYD7PAOU5,Daniel-Smith,Cummingsberg
MERR5NV3K3S7ITT,King and Sons,Skinnerview
MER1TD86SD1Y8XA,Jacobs-Barnes,West Luis
MERMQ5V10ZSWPQE,"Nelson, Fisher and Caldwell",South Jodi
MER805GIJ298W5M,Rogers PLC,Davidshire
MERIV0Q238JKEFI,Smith-Clark,Hahnmouth
MER4P3KNDIEOFTP,Avila Group,Barnestown
MERQOCIV47UT1SA,Pruitt-Burke,South Gregoryland
MERX1FLYNB4GAK4,Pace-Cordova,Lake Ambertown
MER4LNSE33P2MEZ,Whitaker Group,New Douglas
MERLSVMBZX5UQYE,Smith-Mcdaniel,New Joshuabury
MERQ96EGOQEM2BN,Sullivan-Franklin,North Valerie
MERJ5AF51LB792W,Jones and Sons,Port Ashleychester
MERBY413JGU6Q7K,Fowler LLC,Garrettberg
MER9TBGW6EP62RO,Blackburn Inc,New Jamesshire
MER9II1RV8SB9QO,"Mccullough, Murray and Austin",Jakeside
MERNRXY2YDFL9S0,"Edwards, Rodriguez and Miller",North Theresa
MERCYSYP23KX8OQ,"Lowery, Patterson and Johnson",South Paulton
MEROUGPYV6URYTV,Collins Ltd,Lake Evan
MERL0SKUWHARGJW,Chambers LLC,Erikaport
MERB7R8PVK8CD7M,Roberts-Stout,Cortezshire
MERE5DX0O5OI6KO,"Lopez, Gallegos and Oneill",Matthewport
MERS46M0ODC0FPO,Johnson-Hill,West Timothy
MERZ11K6UWWTNKH,Phillips Ltd,Williamshaven
MERH8CWCAKNEGRW,Taylor PLC,Stevenberg
MERI5C231W7GDDA,"Holmes, Jacobs and Webb",Traceytown
MERU43ER1NPMQEP,"Knox, Turner and Perry",Port Shawnland
MERA5FHJEPS16Q0,Moss-Gonzalez,South Brian
MERE7KWSK21WZKH,Wang-Garner,Port Joyce
MERLBK9TROJWSUT,"Dickson, Anderson and White",Lake Philliptown
MERX0LM625NZT0F,Patterson and Sons,Martinezborough
MERYKBOYSNJJR16,Martin-Anderson,East Jimmy
MERXKZTL3VLQIZ2,Yates Ltd,Mendezfurt
MEROYQAJ5P1CQHB,"Norton, Gardner and Holmes",Franklinfurt
MERABUK5S7LLGXW,"Blair, Reed and Allen",Lake Jennifer
MERH98JMVCMJBD3,Bolton LLC,East Markview
MER5G3TOHASSWKJ,Bass-Hart,Sherimouth
MER4Q9I4IZ04M6S,Bryant PLC,East Patriciaside
MER73VRXX7YY3D0,Scott-Alexander,Johnside
MERCUHWGBL659SG,Larson-Flores,Watsonville
MERHUC0LWRRFPQF,"Curry, Harvey and Price",New Maria
MER3NIA6JSGIZ2Z,Anderson Inc,Thomasview
MER8HPYY4IYQ9EM,"Flores, Cook and Harper",Ramirezborough
MERY8PN5GF7J2TO,Dawson LLC,West Phillipchester
MERFMDYHS89XAEF,"Williams, Bender and Lowe",Kennedystad
MER56QVWTSFD8PE,"Miller, Jackson and Dawson",Davidton
MERH9VV3S9VQ9DM,"Snyder, Davis and Maxwell",East Barbaraville
MERWBVRB6SOJOL0,Fowler-Torres,Lake Edwardborough
MERLT1WK8JSP5P1,Green-Brewer,Lake Julie
MER9QB84215Q7P4,"Briggs, Madden and Foster",Mariaview
MERP5DG0JKKJF73,Silva-Powers,Scottland
MER6W2OCSIYK2NO,Bell Inc,Markton
MERLQ1TKART7RZY,"Morgan, Thomas and Lamb",Christophermouth
MERR7I6HM7IJTP9,Williams and Sons,Rachelport
MER4I1J34K44NKB,"Williams, Arellano and Powell",Dawsonside
MERPDM3AJ9CFG0A,Anderson-Garcia,Aliciaton
MERP6BHFWHVR8ZQ,Sanders Ltd,Port Elizabeth
MERNJ66M7GILCNE,Kennedy-Young,East Lisa
MERI9UKYJCMYJCS,Wood-Huerta,Randallfurt
MERHQUAHUEERT7G,Hull-Dalton,West Susan
MER7VD3B0S1BXDL,"Peterson, Lee and Mcconnell",Lake Keithshire
MER8DLIQMF3HD9F,Chung-Cox,Port Vanessa
MEREP2VWVOE6ZAU,Morgan and Sons,Port Lisatown
MERDPJQODTWYSPQ,Fox LLC,Benjaminville
MERW0CILGCMCULT,May and Sons,Rubioville
MERP0Z7ESOZTA8M,Nelson Inc,Michellehaven
MERLS46LPFKI3KV,Roy PLC,Josephport
MERSUHR4Y89XGW5,"White, Compton and Stewart",Lake Craigton
MERWP0LC6KEZHWK,"Lopez, Montoya and Sellers",Gibsonchester
MER2VUZYJA5OQJI,"Williamson, Walls and Benson",Coxhaven
MER2UX9I3GMN1IC,Burch and Sons,North Jessicaview
MERS9SC8Z5SJ0R7,Duncan Ltd,Richmondbury
MER86X6VZ6HKL5L,"Lang, Lam and Spears",Port Breanna
MERC9TLBRQPW2FK,Francis-Vaughan,Lake James
MERPUOWMTL43TG8,"Miller, Carney and Burke",East Coleside
MERRJBIWKL1HN3F,Olsen Ltd,Bennettbury
MERKJ2SC0UB0T6O,Taylor PLC,South Michaelville
MER74DSJ1RF8CV0,"Galloway, Weber and Pacheco",Parkerstad
MER1L0QC3WGHVQF,Vincent-Smith,Grantchester
MERR1YNE3U3B52M,"Williams, Smith and Faulkner",New Petermouth
MERS9P2X3T2SI63,Clark-Adams,Millerbury
MER7YQOIXWY7LGR,Marshall LLC,Bradystad
MERZFSIYEJZASTI,Cunningham-Cummings,Port Patrickbury
MERJJ9TBLRTHB0Z,"Johnson, White and Benson",Port Gregory
MERFSGDDNR2N03Y,"Wilson, Aguilar and Todd",North Cameron
MER5W60EXC2XPHC,"Dixon, Wilson and Reed",Port Jacob
MEREBG5GA3O3M1Z,"Jones, Griffin and Mitchell",West Thomasberg
MERTWKJY3FMAUCV,"Turner, Dickerson and Scott",Johnberg
MERN29NHVXRLOS1,"Rice, Harris and Campbell",West Angelachester
MERRIAHSQ7HICMG,"Roberts, Price and Bowman",Tylerhaven
MER5WYHQOAAWXNM,Massey-Moody,Danielmouth
MER9GQZ50GOT9KF,Daniels-Murphy,Gutierrezshire
MERKY8UBIZZP0K3,Lee-Paul,Nunezville
MERGG2HZEUJZQQK,Morgan LLC,Englishport
MER3QTUNVDK3IR1,"Klein, Lopez and Alvarez",Hicksmouth
MER4KLAO259U4NY,"Fletcher, Gaines and Cox",South Michael
MERUTJBMJULN2W8,Moreno-Ritter,New Nathaniel
MER3SMTDEEEU7HU,Caldwell Inc,South Joshuatown
MER2RGWUE9WDUSU,"Castillo, Walker and Cortez",North Michaelland
MER5S42LTQRJ25D,"Miller, Duran and Cameron",Lake Jason
MER7HFLVUKPNIMM,Juarez and Sons,West Fernandoton
MERO07MNDYF7692,Suarez LLC,New Clifford
MERNL8VTTRG4CIL,Green-Young,Scottmouth
MERH0E4QYSG5ZGF,Brown-Riley,Port Katherineberg
MERAB20CL7JIIFP,"Hawkins, Singh and Berry",Hopkinschester
MERKCJS0OECJB3E,Alvarez-Monroe,New Susanbury
MERA38PPZG67NHU,"Garcia, Mercado and Campbell",Angelamouth
MER2FOTNYF66HQB,"Hester, Booth and Gonzales",Hansenmouth
MERLMHOGA42QUPV,Rodriguez-Thompson,Hopkinstown
MERIXA6ENGFNRTN,Burton LLC,Andersonport
MERYS29H5DVC6I1,"Marquez, Hamilton and Burke",South Theodore
MER4P7BHBFUXYH1,"Huber, Johnston and Jackson",Andrewside
MER7ZIY6UJ2ZAXF,"Evans, Zimmerman and Ruiz",West Samantha
MER6RC2QOKLPP36,Braun-Cantrell,Berrymouth
MERGFAF0Y5E7G77,Clark Ltd,Theresaborough
MERDGZ6Q8J0ZZGZ,Colon-Holland,Christopherland
MER62II9HR22HT5,Navarro-Smith,Lake Thomas
MERSV2U8259QKK5,"Hawkins, Chavez and Dunlap",North John
MERFPNRIBGDEXFJ,Smith Ltd,Lake Krystalport
MER7DWNNHZNT85W,Garcia-Cooley,South Shirleyside
MER5O0RU12MHJE8,"Reynolds, Stevenson and Thomas",North Sheliaborough
MERHVYB4SRCJUQY,Stout-Bruce,South Steve
MER5ORDBLR9ZWNJ,Martinez PLC,Meganhaven
MERONBE14QBGKSU,"Alvarez, Jones and Parker",Caseyfort
MERTGYZTGQJHMEE,Calhoun-Martinez,Jamiestad
MEREZF2QYHGRM0U,Silva-Howell,East Larry
MERA87WT2NJZVCV,Chang Inc,Saraview
MER5X60WU7V9TRT,Harrington-Harrison,Port Michael
MER3SJ1SVLTWN6R,"Ward, Wolfe and Peters",Jasonbury
MERMAFRPEPG75G0,Wilson-Pruitt,Kramerland
MER6FL14VQYRBF5,Jones-Frazier,Grayberg
MER1EO7PHUE0YJ4,Stevens LLC,Michellemouth
MER4LPEKBEOPL4Y,Edwards Group,Marvinfort
MER0Y9WWUTDL505,"Watkins, Cordova and Harris",North Amanda
MERUH0K6O979W3L,Nelson-Cook,Port Maryshire
MERTILBTQC0ZZK9,Zavala-Bates,East Adam
MERF62JR2F72XCT,Solomon Group,Brendaburgh
MERXSKS4R8SMLQK,Gibbs LLC,Karaside
MER9NANEV5JM4H6,Stevens-Bailey,West Matthewport
MERYDZOVSUURODB,"Meyer, Campbell and Pratt",New Wandastad
MER0XYY3PAA2XSE,"Silva, Meyer and Parker",Amybury
MERNEAI6QPWGRPM,Drake-Riggs,Paulshire
MERA0T0NGGZ2BGB,"Jensen, Pitts and Robinson",East Donaldbury
MEROQAQF7NRTUFZ,Brown-Warner,Elizabethville
MER58S5D68K0NP7,Owens Inc,North Ellenfort
MERKSJZNSR4CJJ0,Cole-Scott,North Gregoryfort
MERA9HOBQICN0A7,"Williams, Fuentes and Ferguson",Matthewmouth
MER46D1IBOHM01Q,Haley Ltd,Brendaburgh
MERECXE0SYNIIIZ,Lane-Sharp,New Samuel
MERC6VCIG2ASBF1,Johnson-Anderson,New Reginaville
MER1AKZSHBAJ8TE,"Fisher, Aguilar and Payne",Aliton
MERNU478E0314DQ,Harris-Pena,West Lori
MER28CIWFPTTZA1,Meyer PLC,Port Stephanie
MERDMRI29LH4UMA,Dixon LLC,Danielsfort
MERPFJTIRGYLZ3N,"Johnson, Luna and Hanson",Danahaven
MERGPN19V34U0BK,"Gonzalez, Collins and Parks",Lake Darryl
MERNO3RMZH0E10X,Wells Group,New Keithton
MER1BAD28LS5WO3,Anderson-Gonzalez,Brianside
MERBO2B5BJIN7RK,Vargas-Reynolds,Seanshire
MERZS1VMAG12WXN,"Glenn, Flores and Kelly",Smithfort
MER0W2N1Q4X7K25,King-Taylor,West Melissa
MERF9HQ7UZPAHWY,Brown-Lopez,Williamsfort
MER8XD7HX0749EM,Williams-Moore,Lisashire
MERPSS44BTKK3OK,"Martin, Ramos and Glover",Johnchester
MERIH1970OX0BZQ,Hogan-Chavez,Colemanchester
MER3921B8QL57QO,Henson-Gibson,Sarahland
MERVP4JDEF6UTG2,Washington Group,Richmondland
MERKSGYL0VB3K5X,Esparza LLC,Jameston
MERDYJIVKEDAJX3,"Clark, Smith and Roth",New Karen
MERUWK378SM5PWG,"Morton, Allen and Garcia",New Kevin
MEROAQH13SE8PS2,Gallagher-Walker,Lake Jennifer
MERUU9I6KO1VT08,Stewart-Gregory,Port Royville
MERR8LQ01I74TLH,"Gates, Silva and Butler",Fosterhaven
MERGN139S9FNSCA,Allison LLC,Michaelfurt
MER6208307SCIVJ,Jennings-Fuller,Lake Maria
MERJI8BUZH5RTB3,Hudson PLC,East John
MERIX3YU574W6H3,"Garza, Brown and Graves",South Jason
MERO69M5JC0ILPL,"Schneider, Munoz and Tyler",Danielmouth
MER606VYS706V9A,Stevens-Richards,West Karenport
MERKE2B4SZC0S45,Clark-Fisher,Lake Sara
MER9H2FHQ0T1U62,Barrera Ltd,Samanthabury
MERE928UJL7VP3D,Hall-White,Mosleymouth
MERVMHU010KMA8H,Miller-Phillips,South Kristin
MERCSL8U48XDW91,Garcia LLC,Fosterbury
MER9IKU8XDB01GI,Johnson-Cunningham,Johnsonfort
MER1I58SERZD170,Martinez-Nguyen,West Tracychester
MERXNAGKE2GUU9U,"Torres, Tyler and Rivers",Morganberg
MERLZUTJHJF6LHQ,"Wilkerson, Griffin and Franklin",Cunninghamberg
MER2B9T8HHYQ2UH,Sanchez LLC,New Michaelview
MERMH6841MFIIEC,Ochoa-Burns,Harrisberg
MERT6EZI7O9XFV7,Jones Inc,Porterburgh
MERN39FHSAIMMVW,"Jackson, Graham and Conrad",New Jennifer
MERYMP8SDLYQUHF,"Maxwell, Henry and Schneider",Haleyhaven
MERZYSU8AM4BWWW,"Estrada, Johnson and Graham",West Lindaton
MERLUCMW594LP7O,Kerr PLC,Whitehaven
MERJCIJK4BBC0DY,Hernandez-Horn,North Thomasfurt
MERMY1KWBGMBTHR,"Noble, Sanford and Mann",North Josephburgh
MERMZBC5ZW56JE3,"Smith, Martinez and Castaneda",Vincentberg
MERTY0IGNPARFFL,"Johnson, Brown and Long",East Danielside
MERTG5ADG1HJE65,Turner Inc,Lake Ericberg
MEROZOUH5ZWMRKV,Murphy-Powell,New Markchester
MERY0OBSII3Y9LF,"Gonzales, Brock and Contreras",Lake Justin
MERKWII4VHP4LEK,Hammond LLC,Michealshire
MER4BGQEMG559GE,Greene Ltd,South Daniel
MERFMU7659K69ZR,"Porter, Dean and Johnson",Dianefurt
MERKSHPXTT304O3,"Smith, Martin and Cummings",North John
MERP0DJ3SCIU2RC,Burch-Mathews,East Alexander
MERIJ7JDRERNM78,Neal-Marks,South Abigailberg
MERQ6LB3JXRU3CO,Morrison-Chambers,Bobbyborough
MERWZIZ7A2S0WCD,Flores-Wise,Randolphland
MER81I55AFAQJQY,Hall-Chang,Loganshire
MERSXT2VIIUC99E,Spencer PLC,New Jayshire
MERJLP0XQWSOHNQ,Floyd Ltd,East Courtney
MEREP5TL2BESAMR,"Price, Ortiz and Roy",Christopherberg
MERQ5SP2C960SE5,Griffin-Mullins,Bryanberg
MERNETDPBZ5MMC9,Santana-Hill,Mckenziebury
MERTOQKKHCFKG48,Huang Ltd,Gallegosland
MERR7M23FNYBFBN,Myers-Smith,Emilychester
MER4BSVQJCP4CWM,Coleman-Hodges,Lake Sarahside
MERB2VPPNZQ5WMT,"Goodman, Mitchell and Patel",West Christopherville
MER0ORHQX0N49BZ,Porter-Williams,Port Cynthia
MERDDTI1239K00E,"Robinson, Carter and Williamson",East Drew
MERFEZ9C3WMHD8V,Estrada-Sanchez,Valentineberg
MERUWNE3I5J8DEP,"Gonzalez, Joyce and Tucker",Alejandromouth
MER5AVINOZ92HUS,Wheeler-Myers,North Johnburgh
MERJCLXTYD33WF2,Campbell-Sims,Port Joshua
MERU0JNA9Q4J73E,Flores-Jordan,Rachelmouth
MER9VJSJYBPRKQX,Jimenez-Watson,Port Monica
MER0H72T6G8SEJJ,Everett PLC,Port Carlos
MERC2E9C8MHIZNJ,Mason-Davis,South Joshua
MERUB1TUP9MGDVE,"Mitchell, Mcdonald and Martin",South Lacey
MERDEHR2IMHT1RR,"Gomez, Martin and Osborn",Weaverfort
MER8K7VT3VJSLSS,"Taylor, Phillips and Reyes",West Caitlynside
MERH5FXCEUSFGUU,Robertson-Jones,Theresashire
MERREM4I3XVQFS7,"Kennedy, Young and Daniels",Matthewberg
MEROAHBZZURYYFZ,"Palmer, Mitchell and Brewer",East Michelleburgh
MERPBDQEWF2P76S,Gross-Hernandez,Port Erinstad
MER8ZPPX8KXEWNV,Garcia-Williams,Port Katie
MERGOZJAX7O00GX,"Evans, Green and Hale",East Brenda
MERLS8MYCEHF069,"Green, Barrett and Johnston",East Erinhaven
MER1CHVTKYRE3SQ,Ferguson and Sons,North Monicaton
MERX3H30CW880S6,Reid-Johnson,New Andreaville
MER35ZQ5M3XZ4LT,"Garcia, Flores and Munoz",Parkfurt
MERTZPZTYQFGILB,Hernandez Ltd,North Annview
MERXHYT3AEL5DFY,Taylor Inc,Leachstad
MERQK5SLWHXTI1L,Garcia-Thompson,West Paige
MERM5HP15OWB1AP,"Doyle, Gillespie and Lloyd",North Davidhaven
MERJU7N76FK4KY5,Griffin-Potter,West Ashley
MER98P4RNHSHJKQ,Johnson-Gay,Lorishire
MERFTGYIT7W0KRF,Lawson-Knapp,Ashleychester
MERWDJC5VKCG19C,Moody Inc,Heathermouth
MERNOT5HZZXB66R,Foster Inc,New Jose
MERSN3E1JF4L1VR,Jimenez-Miller,North Molly
MERICZUXKZWP17K,"Donaldson, Melendez and Vazquez",Leslieland
MERMGBZFFHFWH6T,Lane Inc,Port Michael
MERNIB9ZSORNDYP,Abbott-Mccoy,West Kayla
MERMUJN5GXLXV0H,Murray Group,Stephenmouth
MER94L50ZQGTJ4B,Harris and Sons,North Robert
MERIQQ36QBRQF29,"Armstrong, Bridges and Olson",East Kennethland
MER0K7WCH3NF56O,"Butler, Jones and Crawford",East Amytown
MERUAYG18T0J5UA,Thomas LLC,Amberland
MERHDBW4Y0NAQ70,Williams PLC,Smithmouth
MER7FNGDFR2JPA9,Mills-Lucas,South Mercedes
MERNISNX1UTFX0X,"Bruce, Williams and Thompson",East Melissa
MEROW4QDCZFT7UF,"Parsons, Mercado and Martin",Anthonyborough
MER7W4E5FAR9ALT,Johnson Inc,West Chelsea
MER7CH9976QS2JT,Jackson-Wilson,Sarahshire
MERYETRHFJ5WLS5,Booker-Buchanan,Casefort
MERN8PMQ4CWBDCN,"Wolfe, Davis and Snyder",West Roberttown
MERVPW0DXMPSCKP,"Washington, Hudson and Rowe",Castanedafort
MERC88FNVCRFC35,Cantu Ltd,Millerport
MERMT4ZF0BAQIQV,"Diaz, Lewis and Mooney",Nicoletown
MERTQ9856YU6PEZ,"Anthony, Freeman and Sellers",Port Evan
MERXSJD6VYWVDBJ,Wilson Group,South Kimberlyport
MERG7Z9J6SCPACE,Gonzalez-Brown,Jeffreyfurt
MER55GUWU52TD9S,"Ryan, Williams and Mays",New Deanborough
MER7UMG8TIJN5K1,"Moore, Morris and Cummings",Lake Scottville
MERYK1JPE0Y2EYN,"Blackwell, Holloway and Villa",Brandyside
MERZB1ZBLJVVNSL,Gardner Inc,Port Laura
MER5S2VQNZ0259O,Marshall-Flores,Marieburgh
MERHPI5EE1V2B1Y,"Martinez, Griffin and Morales",Port Justin
MER85MEG4Y9K35V,Glover-Miller,West Davidmouth
MER8I23OBBWM6LB,"Roberson, Craig and Weber",Youngstad
MER76P3T2C9GKNV,"Cobb, Wells and Steele",Dustinfort
MER0G6R4S973F11,"Mejia, Schmidt and Escobar",Weissmouth
MERA9QJOZAJ1FI0,Martinez Inc,Noahshire
MER7MFKRXT3H4E3,Walker Ltd,North Matthew
MERS0X0DBV31XIY,Harris-Campbell,Barnesborough
MERB1XJALTCAHTO,Young-Herrera,Coleton
MER0FEVKEYWZUQQ,Middleton Group,Adamsville
MER08VT169BDAQ6,Lynch-Howard,West Aarontown
MERUUJBJ861021F,Moore LLC,Nortonville
MERTM6I5PX750UQ,Gill and Sons,New Debra
MERMM3KLFMTNGIK,Ferguson-George,New Brian
MERMAOIIYGE4X7O,Hart Ltd,East Christy
MERIS5Z98E49KQP,Hoffman-Chan,Ernestview
MERYUM3OCO96PY3,Booker-Chang,Lake Chelsey
MERJ139ZRG64LCN,Williams-Norris,West Joseville
MERLBPIGJRNKOZ5,Camacho Ltd,Youngport
MER9BWGPM26O85H,Schwartz PLC,Stephenhaven
MERISOD6NGQ4NWA,Hill Ltd,Robynland
MERU152GYHQKFCJ,White-Perry,Rebeccamouth
MERJPLBZ816DAMT,"Ellis, Grant and Ellis",Martinezport
MERWS96O0UR3ZPG,Graves LLC,Barbaraton
MERBB02KFWVT70S,Perry Ltd,West Tina
MERTDMCUR8ZG3R0,Santiago and Sons,Lake Mia
MER0WJH4REEV1UO,"Yates, Clark and Spears",Port Nancy
MER1RYEM6BUJ3J7,Smith-Brown,Grossmouth
MEROGI2YQ62LC35,Daniel-Daniels,Hillberg
MERY7725QS7AMS7,"Robbins, Morgan and Gonzalez",Velezmouth
MERQ2GEGMJ7N4SZ,"Griffin, Meyer and Vaughn",South Nathanstad
MER5K2EW47NM1Y2,Perkins Inc,Sotochester
MER7KIL6DVMJYAA,Green Ltd,New Jamiechester
MERNCJDVWWDLQC4,"Mcclain, Moore and Smith",South Jack
MERCERN611YIBAP,Leonard-Mitchell,West Dawn
MEROLMHNFQI6WS2,"Johnson, Moore and Howard",Deniseland
MERV0QA2Z41H3SK,"Best, Forbes and Graves",Port Annetown
MER079WPJAB6DLI,Jenkins-Richardson,Laurabury
MER11YIG6BK2SU1,"Willis, Johnson and Powell",Susanhaven
MERNG9FCZNO4UPZ,"Brown, Erickson and Fuentes",Burnshaven
MERS6TW6HR1CPRZ,Ewing-Thornton,Johnshire
MERNFI1IRULM09X,Adams-Valdez,South Kevin
MER1Y3Z3SHDQ7JU,"Stevenson, Salas and Gallegos",Timothytown
MERLBE64T044UBY,Webster Group,North Colehaven
MER9TCQ30X6UAD1,"Sweeney, Jones and Moore",Alvinport
MERTSPDQ1S0FKWN,"Miller, Baker and Smith",Lake Samuel
MERKE0NVT29V6DX,Freeman-Spencer,Erinchester
MERQNIJ1EJQXVJL,"Rivera, Morrison and Bishop",Lake Kristopherview
MERNMNX4YDRG3C9,Simmons-Delacruz,Teresashire
MER3MMRXP64CU6Y,Jefferson-Nelson,East Kevin
MERGH0FIC8WNVE0,"Anderson, Williams and Pierce",Lake Richard
MEREDZKQXVMZQAB,"Watson, Garza and Heath",Taylorberg
MEROE874XXD0J75,Ramirez-Martinez,Sanchezland
MERH5YSCAXUGTIQ,"Mckinney, Randall and Case",Nancyfort
MERG29851IQRCQ2,Mitchell-Rosales,Bradyton
MERF6TYHIXKUT1X,"Jackson, Walters and Pitts",East Jeffery
MER0YXRAUF0JWJY,Briggs Inc,Susanfurt
MER7IYDT6R25PA7,Jones PLC,Mooremouth
MER2YWU3H0CFOKY,Weaver Inc,Pattersonport
MER4TIPVLPB079P,Reyes-Woods,East Johntown
MERRSG57AM8EQWL,"Johnson, Garcia and Mccarty",Hansenchester
MERD1SLU00MLARG,Cameron-Johnson,North Kelly
MEROWNQEF38UHV3,Hayes and Sons,Jameston
MER5U1EIUPGI2B8,"Diaz, Allen and Flores",East Theresa
MER34VHU7E2TX5I,Harrell Ltd,Daniellestad
MERRTXB8RCH302C,Valencia PLC,East Maryville
MERFIAA40LF04N0,Barnes-Becker,Annview
MERW6EAF39WDOIB,"Mosley, Moore and Lee",Lake Danielleside
MERHI8KIWX541GN,Fitzgerald and Sons,Johnfort
MERISLDWMKLXK64,Mendoza and Sons,Kimland
MERA7TFIA68NOK9,"Roberson, Nelson and Huffman",North Christyburgh
MERQ6B61K9A5699,"Rangel, Anderson and Martinez",South Waynechester
MERCVY7BKW3H887,Bowers PLC,Mcdowellbury
MERXEQZDWJJTRYA,Baldwin Inc,Whiteheadshire
MERNMSIYZNDDL7P,Foster-Lee,South Emma
MERGG1CD8H0VP4X,Finley-Wright,West Courtneyville
MERFL6P7MW0EMHH,King-Hall,Graybury
MER483K3OVSD6EJ,Herring Inc,South Kellystad
MERZUNM91SD7DC0,Powell-Kelley,East Heather
MERN0CJD9G9ANYA,Shields Group,North Alanchester
MER55XCI4137WIW,Long and Sons,Sullivanmouth
MERIBN4GG1S0JGT,"Stephenson, Martin and Doyle",South Dannyhaven
MERIXI35OA1KTJ7,"Castillo, Nixon and Mcmahon",East Robertport
MERZOTWFM4R8B72,"Davis, Fletcher and Conway",Leefurt
MERTSV5F1RY5E2Y,Rivera-Rojas,Normanborough
MERKVSWU3L6RC2A,Camacho-Mcgrath,New Marissachester
MERF9HTPEUY0NSY,"Wilson, Porter and Beck",Blackland
MERZZHP3EXBUVCV,Morse-Cameron,Amberchester
MERVE72E6LSRNR6,"Camacho, Lopez and Rivas",Schaeferfurt
MERI4ZK9HFWBFW8,"Benitez, Gonzales and Wilson",West Micheal
MERC0SOS81802LV,Krueger-Freeman,North Victoriaport
MERKNXR94WOYATZ,"Castro, Adkins and Beltran",Brucestad
MERJ6OSH5Q2F7T7,"Morales, Costa and Floyd",Margaretshire
MER0USJUGDEAK8V,"Johnson, Little and Robinson",Priceport
MERE2EJQ52ZAEAS,"Caldwell, Williams and Ochoa",West Alexander
MER5MHYQX7483MM,"Brown, Hammond and Sparks",Carmenhaven
MERHFS9LLY0NQHX,Adams Ltd,Lake Isaac
MERZX0QAIH55I06,Casey PLC,North Erikaport
MERKRJ3DHYLHPRD,Blair Inc,Jeremyton
MER33NBGY29WY3O,Holland Group,Port Timothy
MERBUFLSWZO9JGX,"Caldwell, Terry and Stokes",New Amandaview
MER2ST9MWV834TX,"Kline, Walker and Wright",Kevinland
MER7U5MYJJZ5OIR,"Pena, Arnold and Huber",West Kellyview
MER765IG334962M,Harding-Garrett,Ashleyberg
MER546XX3WCD3LD,"Scott, Bruce and Alvarez",West Oliviashire
MERYRZ0GGON7PWN,Pope-Harris,Joseview
MERWNPFN61FDMQM,Ross Group,West Lisachester
MER3369M5QBPETI,"Taylor, Wright and Joseph",Benjaminburgh
MERONZ8XD8GOHNZ,"Cisneros, Dawson and Perkins",Robinsonview
MERCWFYBBUHC7GJ,Zavala-Charles,South Amber
MERCHZK3PHOUVK5,"Thomas, Roach and Moore",Lake Mariotown
MER7RXBN1TQ4UM7,"Coleman, Mcguire and Garcia",Port Kimberly
MERCQUEZITR9LKF,Landry-White,Julieburgh
MERICLWRZ2O3YHR,Williams-Jackson,Jamestown
MERP1QW9CEA4AN6,Holland PLC,Deleonchester
MERC1VZN035YUWC,"Jackson, Haas and Spence",Roweberg
MERMEE1INW73ZTP,Castillo-Pace,Richardmouth
MER94SWVC8Y6R6M,Adkins-Butler,Morrisonville
MER1F30FWQJSOXM,Vasquez and Sons,Nancyborough
MERSGKU18NM07KO,Booker and Sons,South Bradleyberg
MER97EDWMT2HXI9,Gomez-Smith,Adamschester
MERDOP8P5HQWCGL,"King, Jones and Wood",Lake Austin
MERAE9CPZUSI4PD,Lewis-Gardner,Stewartfort
MERYNUS3YIVFBXG,"Fitzpatrick, Lee and Kelley",South Ronaldtown
MERSRTUETACHG3O,Wright PLC,Schmidtton
MERJL3YJVKCV9IB,"Solomon, Barber and Durham",Jameston
MERIQZ4RQ8XDW2P,Moody-Mcneil,New Christopher
MER2YU27M63CY0O,"Nguyen, Johnson and Fitzpatrick",New Kristine
MER049SHRE4LXG7,Levy Inc,Hancockview
MERTXLTA6WVMVSK,"Weiss, Anderson and Burns",Rodneyton
MERAOTF3Y6L0RBM,Hill PLC,Juliemouth
MERYEC2MGMRXMZ2,Sparks-Davila,Port Angieville
MERPCEITQTFLI54,Simmons Group,Deannamouth
MERLK5MPB4L21EX,Davis and Sons,Freemanchester
MERPVFPEF18YA1R,Smith Ltd,Port Robertshire
MERJXUUOUABV8FI,Richardson Inc,North Angelachester
MERFEH9SJJ0PZTO,"Montoya, Ward and Jackson",Danielleland
MER0BHD2KQ7YG8S,"Elliott, Robbins and Davis",Ryantown
MERR9YDQANJFY7X,Willis-Harrington,Salasfort
MERI1ST5TO8TJS3,Parker-Cervantes,Lake Jennifershire
MERJWI61C6F75U1,Martinez Group,South Dana
MERJVM8364R4OJJ,Rhodes-Adams,West Jackson
MERE1HMYWSXHC7C,Gaines PLC,Adamsbury
MERHFNLNK77UJPI,Sullivan-Harris,Smithmouth
MERGUT7BP2GUGSI,Davenport Group,Kristinland
MERDX9N9FDFVMFL,Coleman-Waters,Port Lauramouth
MER6EVDF4KU8JMW,Miller Ltd,East Andrestad
MERV3YYOYLRV9XL,Farmer Group,Douglasmouth
MERPMZFGJ6NFXRD,"Lewis, Campbell and Henderson",North Julian
MER5SWD1QRX2WD4,Williams LLC,Terriville
MERE6N89YUH4PDB,"White, Martin and Ross",East Brianport
MER2KW25GNBJV4V,"Rogers, Ramsey and Carlson",Lake Wendymouth
MERW5EVK5LHCPOA,Woodard-Clark,Jonesberg
MER0AX0WAJ1GF4M,Weaver Inc,Port Stevenfurt
MERR5AE16BCDJR6,Summers Inc,Port Lisa
MER5WNN5DXPIE5J,Barron Inc,Yangville
MER20Q56JUW07WE,Smith-Ross,Thomasland
MERRUQSZP7VOBV4,Brown PLC,Valenciaburgh
MERRTYVDE3MCRTR,Hale LLC,Henryport
MERWH5BO3AFO3FI,Lambert Group,Barbaramouth
MERUZWWZFHW0YB0,Kane-Hudson,Taylorfort
MER9VEOFCAC80P7,"Nelson, Ramos and Mccoy",Ericamouth
MERA0BCK0D7MAX0,Jefferson Group,Port Shawn
MER2KMRXU3FMQUD,"Thompson, Vasquez and Walter",Robertsport
MERN4VL97TAUB7V,Dennis LLC,West Kristine
MERHW6QSGCVQ7CU,"Le, Jimenez and Ray",Mistyborough
MERI5HW273A9KM8,Burton-Knight,Whiteside
MERGW65B0Q6QEGB,"Frank, Gutierrez and Ramirez",Lake Jill
MERITIE5XLU2UIQ,Garcia PLC,Wrightville
MERVBYY1YRMAKY8,Martin PLC,Howardtown
MERPPELYNZQKZ9F,Adams and Sons,Kendrashire
MER7DESFFXE3X1D,Jacobs PLC,Hillmouth
MER9VCJOLB8MIJN,Munoz LLC,Leahbury
MER9GLJU89G7SX6,"Rollins, Johnston and Brown",West Andrewborough
MERF0Q514M757WF,Roach-Smith,Chapmanside
MERWT3OASYINXE0,"Garza, Roy and Randolph",Davidmouth
MERU3N4IEVUVINB,"Tucker, Warren and Conrad",Joshuaview
MER5ZOJYR1GBKQC,Kennedy-Garcia,Rebeccastad
MERU8U5305WGGN5,"Hill, Tran and Miller",Richardburgh
MERN7W43ZRRIH0X,Williams LLC,Cynthiashire
MERZEJDSZD9YLX5,"Gordon, Davis and Green",Laurieview
MER49DLBYRWJZ38,Warren and Sons,East Carrietown
MER0NTF0T99Y6RO,"Mack, Boyd and Hudson",East Kathleen
MER91SV3HBOG0T1,Jones-Williams,Carrietown
MER9AXK8ZWCKWGL,"Wilson, Johnson and Zamora",Port Cynthiaton
MERGCWY7205SPLT,Osborne Inc,Barnettstad
MERKUCQPQYR0XRE,Mata-Anderson,Lake Greggton
MERPIZ23F794ZTR,Hicks Group,East Lindsey
MERZ2BHA4LJ52IA,"Lowe, Bell and Montoya",Melendezhaven
MERA224HNMKV1KH,Miles LLC,Knightchester
MERSFVVG9D9WDT3,Brown-Harrison,Kathrynbury
MER3VFX0DKIZW7D,"Flores, Mcdowell and Zimmerman",New Robertland
MER15QRE31XF02J,Haynes-Wright,Davisside
MER2K653SMXS0T5,Pratt-Allen,Tonyaborough
MEREXBIQUU9L4RI,"Smith, Martinez and Perry",South Ariel
MERU4FS6F3V1G8V,"Fischer, Thomas and Figueroa",Millshaven
MER1XBD7C7X80RY,"Ward, Newman and Holmes",South Jamieside
MER7V0KNAPWVGY0,Morgan Ltd,Kristinmouth
MER4FA56SREPTZ0,Torres and Sons,Lake Matthewhaven
MER7SSAE4JJP5JS,Ryan-Moore,Kellyburgh
MERBB2UHBRQ2FT4,"Harris, Campos and Wright",Wrightberg
MERPZBMPWEA7WQN,Campos-Hernandez,New Todd
MERRSRYNVQZ21HN,Combs Group,South Jeremy
MERK7FGHT9VBFER,Taylor and Sons,Lake Lauren
MERG0JZWC2JEGRE,Boyer-Farmer,Lake Stephenmouth
MERZSAEZBQSYZU0,Barajas LLC,South Joel
MERKZ2DOVUKBKPM,Gray-Harris,Jeanneview
MERWASGMQ7CW09V,Bennett Ltd,Port Richardchester
MERJAWFMJWWEUKO,Davis PLC,Sarahhaven
MER9HMNJE9IZRDL,Kim-Wood,Port Adam
MERXY9M4WZCS3SC,"Wilson, Espinoza and Torres",South Corey
MERB6XX4W92JGB8,Clark Ltd,New Lisa
MERBHDUVLPT778H,Sherman Ltd,West Stephanie
MERS0S5PLW8SE49,Hernandez-Bell,Port Susanhaven
MERKNZDCUM43TMR,"Mcbride, Davis and Sharp",Port Thomasborough
MERJ27MCN641GFW,Williams and Sons,Santosbury
MER53N8EXWL9M84,"Gross, Watson and Duncan",Rodriguezfurt
MERBPGOBUP1OK0F,Green-Compton,North Jeremyside
MERLCPKBFVZYLBZ,"Bradley, Krause and Boone",South Cherylchester
MERJMXY2KIRFBJ9,"Dyer, House and Galloway",Jasminebury
MERV5C1EFHEZF6N,Powell and Sons,New Christopher
MER8SZMFMM7IX54,"Kelly, Allison and Krause",West Elizabeth
MERL5UJBDFMMNPF,"Bell, Williams and Rubio",West Duaneside
MER6D58Q16EQ0ZF,Johnson Inc,Gillhaven
MERXYAQOBJ4R60Q,"Hunter, Webb and Norris",Woodville
MER6Y5MUGP5O6PY,Reed-Garrett,Caitlinville
MERE86VYDW9S9FG,Gonzalez-Knight,Lake Brianview
MER3BKOOJXCFOM6,Scott-Evans,Paulview
MERM2WOXUAZCRMC,"Rodriguez, Crosby and Dickson",Gregoryfort
MERTL629SZDD9OO,Lopez LLC,Cunninghammouth
MER8EHHU9LQOJ04,Romero-Hester,Lake Christopherville
MER5HF29QMYURSQ,Oneill Group,Fitzgeraldtown
MERF696U4IOWCI8,"Scott, Barnes and Walker",Sherrimouth
MERS2WNHI4U0GXE,Mendoza-Alvarado,Hesterview
MERA8F7BD39SMYM,Bowman-Davidson,Petersonland
MERKN30N7O4W97C,Baker-Rose,North Donald
MERBOFXD1ST4CZ9,Perez Group,Lake Jasonshire
MERZEF4BL30ZHH5,Williams-Lyons,New Laurenshire
MERP6BREZ6J7BL6,Jacobson Ltd,Port Joeport
MERCX2ZAKFAT2O4,"Hoffman, Long and Cain",Adamsshire
MERFLNP102DD7RT,Price-Hansen,Stephanieland
MER07U3XCKZH50J,Carr-Walker,Mcknightville
MERCVYW78E90VWZ,Trevino-Snyder,South Josephport
MERAOR3N84JH7ZN,Serrano and Sons,Lucasburgh
MERCFI0GKVQF8MT,Hall-Oconnor,Lake Debraport
MERVKTQ8HHCUFLV,Cook-Neal,West Melissaside
MERAKYRPWZWBZUI,Carter and Sons,South Natalie
MERLHXEWQTH21C7,"Ray, Santos and Mckenzie",East Kelsey
MERCAKCN9BPU7OK,Miller-Shields,West Brent
MERR6RJVSTF5UST,"Wiley, Adams and Anderson",Samanthachester
MERWOIJ0S62OVPB,Mccarthy PLC,South Taylormouth
MER5EZ4G6ORAZ8Q,Gates-Snyder,East Emily
MERXJ0FGVQFEYK8,"Kidd, Brown and King",Lake Albert
MERAE914T352N7V,Gates-Oconnor,Randychester
MERYFSAZK8KZXIW,"Mendoza, Williams and Smith",Mollymouth
MERA8FYXQ3W12F9,Fisher-Bowman,Howardton
MERHG65W53Y2BAS,"Love, Perry and Jackson",Harrisfurt
MERI2UJJBCIRFG5,Williams LLC,New Evan
MER9WP56KPFN6MU,Matthews-Hicks,Andrewmouth
MER1SHYUB3A0GPT,"Campbell, Richardson and Flores",East Megan
MERT7LEQHP0B4ZC,Mcdonald-Davis,Port Douglashaven
MER7D2N7P9NXCKA,"Young, Acevedo and Macdonald",North Ericfort
MERYVQXVNVUIEQD,"Chen, Gibson and Reilly",Port Stephanie
MERLMKVXB7VESPY,"Bailey, Jones and Evans",Christopherbury
MERMBOFWIKHAJ9G,Garza-Juarez,West Jasmineside
MERTO2DVONKOS8U,"Harrison, Mccarthy and Johnson",Ortegaberg
MERMN0SXABH9WDM,Dalton Group,Hayston
MERH69F5YU9KXYK,"Macdonald, Benson and Martin",Katherinechester
MER2GKWECSEJWXE,Padilla Group,Hannahland
MER616U0AAGE98S,"Stewart, Ward and Jones",South Karenmouth
MERXFEYK8F0ORA2,Garner and Sons,Amandaport
MER0HRJUHWGJK2N,Hale and Sons,Alexisport
MER3VNQJHWLZ1AH,"Haney, Davis and Sanchez",Barnesville
MERO5BN1QBNJ99W,Phillips-Wilson,Lake Ryan
MERUCGP34RN91BN,Williams-Stone,Randalltown
MERBQUBXDGDU01P,Matthews-Adams,Lake Christian
MERGD7YSN459EGD,Baker-Adams,North Scott
MERX0XS0A8174H7,Powell-Lopez,Thompsonshire
MERYWOYKV79DE61,White-Ryan,East Staceyborough
MERUG27YD7QC5MB,"Dixon, Oconnor and Romero",Vargasberg
MERI4TVLHAXA9XQ,Gross-Cantu,Port Harold
MERGUIAI3DTM8J1,Moore Group,Cruzmouth
MERDOXHWU8NWD5F,Morris LLC,Graveshaven
MER5NHCWMXZYI25,Torres LLC,North Joseph
MER9DTCL358EQ59,Johns Inc,New Alecborough
MEROACC3XVXSGDO,Howard PLC,Jennifermouth
MER95A8ZVENFVU2,Clements and Sons,Port Juan
MERXURD7S6S5IGD,Ferguson Group,Thompsonstad
MER88VIGLXZW0X4,Rivera and Sons,Valentineberg
MER9EYA80HD0F9F,Bird-Morales,East Vincentview
MER6TDZLLG9YV6E,Stevens Inc,Cherylberg
MER8N2MD56W3TRD,Gilmore-Long,North Nataliebury
MERW0GIW4I8BPY9,"Hill, Wade and Johnson",Dudleyside
MERUV6KOF3XSA63,Hodges Inc,Barbarachester
MEREV1FIE9468SK,"Matthews, Hernandez and Obrien",Lake Teresaburgh
MER29GKTE160XR6,"Holmes, Flores and Martin",Smithshire
MER5KLYINOC9FS7,Carr Inc,Port Joshua
MERAY9IDG7YOF7J,Parker-Campbell,Jenniferstad
MER4XL2GQDIWAPK,Franco-Russell,Daviesmouth
MER03AIZP4EX2H4,Garcia-Brady,North Wesleychester
MERKA7J2RH8YFHQ,Matthews Ltd,Lake Shannonfort
MEREY2EN86TGPU4,"Rodriguez, Ross and Anderson",Chavezbury
MER7EE8IV8OGVJH,"Levy, Andrade and Blevins",Olsenburgh
MERTRWK60QXM12W,Paul Group,Barnetthaven
MER7JJHBICQ9DKG,Sandoval Group,East Michelle
MER9C0P7FIJOEVP,Parker-Gonzalez,New Heatherside
MER80W1KKWLGNKQ,"Wu, Smith and Gallagher",Amyport
MERPN369JPZG2SS,Davis Ltd,Taylorstad
MERAP6ZPGVRLE7I,"Lopez, Ross and Jensen",North Traciemouth
MER7DAWYIOEZQ34,Little-Mayer,East James
MERXI1NH6GR6ITJ,"Haley, Mcclain and Baker",Mariafort
MERRC83U3Q5PTHV,Welch Ltd,Bennettmouth
MERZ1203RRQM7C3,Patrick-Wilson,Lake Amy
MER3NHA4RH7SYOP,Fernandez-Johnson,South John
MERROUWDAPJ9N6R,Price Inc,Arnoldtown
MERB6S1Q0A4BZOT,"Stephenson, Branch and Fields",Krystalburgh
MERGV11S5CYS8V3,Rodriguez-Pearson,East Sarahville
MER22BNJVW44H9M,Branch LLC,Joshuaside
MERW6UV2KQ49XUW,"Skinner, Jenkins and Decker",Melissaport
MERQNFV8XJ6CAWU,Herring LLC,East Felicialand
MER2KMZCT2AKDYJ,Guerra-Mason,Monicaberg
MER3IXO3AKODUE0,"King, Allison and Miller",West Morganborough
MERHGIFNS3DC1Y9,Molina Inc,Whitechester
MER5XXJW9TUSP00,Wilson-Sims,Stevenberg
MERTT16CK03F0LM,"Hunter, Harris and Thomas",Anthonymouth
MERTR9VDN59I7IX,Washington Ltd,Robertville
MERL0MCW4G88QFT,Mitchell-Cunningham,West Danielbury
MERK78UWVBX3DZ5,Odom and Sons,Elainefort
MERK3HF8M0VA8I6,"Morgan, Lewis and Cline",New John
MERWSG0CQIS7T5A,Bishop LLC,North Kathleenmouth
MERWY7AVCZN3L38,Mccoy Ltd,Jessicahaven
MER5Z9UX2UJV0P5,Hebert LLC,Lake Alison
MERLPYBZFVGU65I,"Avila, Richards and Green",Jonathanchester
MERT97UGN1YFDHB,"Wilcox, Martinez and Ramirez",Williamsburgh
MERBLZWXPLEAUE8,"Vaughan, Gregory and White",Gillland
MER1XXCRXOY3AGQ,Bates and Sons,Gilmoreberg
MER06VCVL3MZRQ4,Williams and Sons,Angelaton
MERGUMVC9ZFQF96,"Patterson, Wallace and Cameron",Port Brooke
MEREADAHCJYRP1H,"Mills, Anderson and Johnson",Angelabury
MERACK08L1TYEE5,Reid Group,Leonardville
MERT2HQ8STRH5JO,Anderson-Knapp,Krystalhaven
MER0E4MKSXQ0PZ4,Rowland LLC,North Taylorburgh
MERX1LB7KY93EE4,Martinez-Wilcox,Fordport
MERRUR52B2FDA3Y,Campbell Inc,New Kevinshire
MER6M0G9PMQ5GB4,"Roberson, Kelly and Sloan",Donaldport
MERFJZBQDX3493K,Evans Inc,Perrychester
MERNAPMYC4UKW72,Booth and Sons,South Laurie
MERAV1Z69SW96BH,Adams-Mitchell,Drakeberg
MER1CZPNFUTSEI5,"Rios, Ramos and Martinez",Clarkmouth
MER9Z7GCQQU2ZPB,Gibson Group,New Sierramouth
MER8787DVZM0H99,Stevenson LLC,Jensenview
MER55OJCA9RP7BV,"Cherry, Chandler and Wood",Davischester
MERRLTYSSJMWY7B,Riggs LLC,Micheletown
MERT577LPF5ZY0I,Howell-Leblanc,New Jessicashire
MERDITD6B5KHNQQ,"Berry, Gay and Bowman",Cherylton
MER1V4FJ6BATOOY,Bennett-Perry,North Sherry
MER2ACC1UTZM5IL,Torres Ltd,West Jacob
MERIGWI10JMCPKB,Miller-French,South Dawnview
MERW2HCJOJSTIIY,"Gonzalez, Ward and Novak",West Richardport
MER70PTQHIMGEH1,"Romero, Vargas and Cox",Kimberlyhaven
MEROXFAMCIJ4ZEG,Walker Ltd,North Jacqueline
MERFCOW1RZSGT4X,Hall Group,South Brian
MER8JQYALMOCP4L,Hunt Ltd,Jamesshire
MERP7RMA9TBFNX8,Massey-Ruiz,Sampsonshire
MERF3NZ6HVCH28U,Stafford-Bennett,North Gregory
MERLHR8WWF8KSQT,Anthony Group,Mckinneymouth
MERQDP4CH5N3XR3,Johnson and Sons,Lake Samantha
MER973E3TUYWYSJ,Peterson Ltd,Port Rachaelview
MER6TE3AN92QOLO,Cox Ltd,Phillipmouth
MERDXDMU5JMDXEG,"Benjamin, Roberts and Chambers",Mooneyside
MEROI82LONYMADG,Evans-Knight,West Heather
MER1LMS73T5T0ZN,"Vazquez, Martin and Jenkins",East Sherryshire
MERG8Y1BNNPZYQF,"Chapman, Mayer and Miller",Codyborough
MERSW5AJOI64JHB,Schwartz-Lopez,North Andreaberg
MERW79XH8SF7BXG,Gibson-Williamson,Lake Sheriview
MER0GA3UMWMNKRZ,Chandler Group,Robertsfort
MERFNU3VI8UMNFF,Wallace Group,West Rogerborough
MERYTBW9SIM7Q6P,Collier-Small,Wattstown
MERMLJKI3PLS1NB,Thomas Group,Robertsview
MER5HVUIZ3SYYYY,Roman LLC,Fernandoland
MEROR502797HGIX,Schneider-Johnson,Markschester
MER3RRUGJ23T4FF,Davis-Acosta,North Josemouth
MERBZA3ZTTUK0NC,Jordan-Rodriguez,Hillborough
MERVE1M4F4GR7TQ,Bass Ltd,East Chelseamouth
MERX2N1YQM40RJW,Perkins-Abbott,Port Mariaside
MERLDY4FFFRS1DR,"Smith, Mccormick and Lawrence",Port Stephanieside
MEREIMFYKE2Q7RB,Acosta-Young,Osborneton
MERN8TONAQNM5VA,Chan Ltd,East James
MERAO40YOQFW3LU,Washington LLC,Mitchellfurt
MERJPZZZ531Q0VP,"Spencer, Hull and Barnes",East Patriciabury
MERFHW1IAJIVT7G,Francis PLC,North Bryan
MER66TNZYBS2CZY,Bradley-Clark,North Rachel
MER48NKIKC5VH49,"Farley, Foster and Butler",North Robert
MER7D7J65YATZD0,"Smith, Harvey and Turner",East Jennifer
MERORLKNS01W750,Baker Group,Kimberlyfurt
MERUPX1CIRM9GVM,Flores Group,Port Courtneyville
MERJWTO6RPBXY5F,"Williams, Andrews and Perry",East Leonard
MERN5QS7RW8S4SP,Nelson-Galloway,Nashmouth
MER5WWEO0A0OVZU,Johnson-Humphrey,New Kathryn
MERO7O8C0FNBHQ3,Parks Inc,Robersonberg
MERJXSX2V1O5FLF,Guerrero-Hernandez,New Nicholemouth
MER8K2DEUR7HRNT,Cooper-Hines,North Heatherhaven
MERTEET8L3XK27O,Gutierrez-Ryan,Leeland
MER3CXKQHSN39ZD,"Smith, Reynolds and Wells",Margaretstad
MERW1K5W57U1BGT,Goodwin-Smith,Port Craigville
MERGIRMER7OV3KP,Le LLC,Lake Travisbury
MERUXHUN54QAKDO,"Arnold, Hill and Frazier",Angelaborough
MERI2WZXZLZFHJA,Williams and Sons,North Annbury
MER8Q7O9VMQBB1E,Cook and Sons,North Timothyborough
MERI5CIOTV5JLQN,Hughes PLC,Brendashire
MERDXR48NLH12VQ,"Wilcox, Clark and Marshall",South Dianetown
MER91T5UAQF3OTK,Gardner-Miller,Port Brandonland
MER9WLW5MNI20JU,Berg-Dunn,Lake Angela
MERB95CNGN1IPXB,"White, Woods and Kent",Donaldton
MERO4KA13MWVHFE,"Guzman, Castillo and Sparks",South Andrew
MERGCZAYBZC5KYD,Robinson and Sons,Kyletown
MER2XKTNGWCLVEK,Page Ltd,Christophershire
MERM21XT5RSYIUX,Mendoza-Meyer,Kerriburgh
MERIQHXD7NUDUXI,Serrano Ltd,Hansonborough
MER581TM3ILF9FC,"Powell, Cox and Gutierrez",East Mary
MER98X6FY44JRZO,Walton LLC,North Robinburgh
MER20M87ZNK1BDE,Lindsey-Taylor,New Rebecca
MERUX420ERUAJSJ,Guerrero-Alexander,Marystad
MER2A928ZVG1IB4,Maynard-Rice,North Robin
MER566J7YEYIN1A,"Shepard, Reid and Miller",Dianeland
MERUHUX4KSWMKHT,Rojas Ltd,Lake Travis
MERLZUS5NSR6734,Wall-Kaufman,South Stacy
MER2TRXC5KPLHT3,"Fitzgerald, Mitchell and Rogers",Andrewshaven
MERYWNBI27MFNLE,"Gonzales, Hernandez and Sandoval",Lake Kristinaton
MERCF5E2OY9S1YK,Clark-Jimenez,East Natalieview
MERH1TUPJ0QPBJX,"Long, Guzman and Tucker",Cindyshire
MER1OP17K4NO73W,"Duffy, Lucas and Fisher",South Louisborough
MER8KLONO0XKRXQ,Christensen Group,Virginiaville
MEROMP4W9M74OZU,"Snyder, Sandoval and Adams",Roberttown
MERA9M91M3T9PIU,"Pruitt, Torres and Hahn",North Jill
MERO8182ZWC3X7T,Bishop Inc,Dustintown
MER6OXEWL5JDF1H,Mann Ltd,Amyton
MER6ARGKW730I30,"West, Garcia and Velazquez",Raymondburgh
MER6RXZP1HUOME9,"Simpson, Ingram and Moore",West Georgeport
MERJ0N4TA1L6EJ4,Perkins PLC,Sharonmouth
MERV49CUFEKYT5R,Giles-Kent,Higginsfort
MER0T871JSR32RG,Carroll-Hernandez,Garciaburgh
MERYQ354HVS91ZG,Tran LLC,New Timothy
MER4GWZ66XR5HFW,Taylor Ltd,West Martin
MERY7LTO05EENNC,Reed-Sosa,South Emily
MERROM43OFTMSFO,Smith Inc,Evansborough
MER0P8Q9VOT5WPI,Anthony-Hurley,New Alejandro
MERJ2JT3MA4M86K,Meyers-Williams,Osborneton
MERPKMHLE6LBEJD,"Olson, Patterson and Foster",Brendamouth
MERVRGX94ZH02BB,Boyd Group,Port Jamesview
MER901UN4C3L54U,Gilbert PLC,Lake Elizabethtown
MERYC2URSB7Z91U,"Moore, Vincent and Jefferson",North Jessica
MER6XTHGTAFDWT6,Ramos-Franco,Davistown
MERDXUQS3TJS8BH,Hess-Fischer,Blackmouth
MERTVT5S2T6ZKRC,"Taylor, Carpenter and Pearson",South Meganshire
MERGJRF6SREO0X0,Acosta LLC,South Jessica
MERSRWWH6C8MNWB,Garcia-Smith,Port Carolyn
MERIRXAY0TLZMJV,Newman Ltd,Michaelville
MERMFF16CIXVPAL,Lee-Hart,North Jennifer
MERDGHCOX9DIIMG,Warren-Hunter,South Sethhaven
MERK9C6H6SX8XB8,"Harvey, Thomas and Melton",Julieborough
MERPROUJYQTSKE0,"Meyer, Richardson and Gray",West Joshuaside
MERY86T0VDBX6KK,"Roberts, Clark and Moore",Carlafort
MERBB2VF6M51I4W,Graves-Sims,New Carmen
MER01QMWWOL97C8,Garcia-Parsons,South Petermouth
MER5LUMX55CXEOX,"Gomez, Wallace and Lopez",Wrightport
MERDNUO6ZYUMFIL,Cain-Edwards,Sarahmouth
MERY3E7F61B4KY2,Jackson PLC,East Kevinstad
MER2KWGKPVKO6OS,Reilly PLC,South Melinda
MER5DQ1KBHON2XZ,"Gilbert, Herring and Collier",Carolport
MERKNTFTG9C5PPO,Brown Inc,Robinsonside
MER7QV26A809M3E,"Olsen, Robertson and Martinez",New Carrie
MERU8JD6N8EAEWY,"Li, Koch and Martinez",New Nicholasstad
MERFXGA6Y6W1K1Z,"Gomez, Barnett and Harding",Zacharyland
MER2QYTU4TUZDSC,Valenzuela Inc,North Amanda
MER0ZMR5IHA6M1G,Richardson-Hoffman,South Lindsey
MERPR6A5FNMVPX5,"Gordon, Hoffman and Mckee",New Amber
MERFGWYZVG76853,House and Sons,North Brandon
MERHMYR2LM7XG1F,Castillo LLC,New Jessicabury
MER2STKKZPQ1CNJ,"Green, Valdez and Lee",Malikside
MERD0XF5PMX8T8A,Phillips PLC,Susanfurt
MER7HXDUPPC5ZMA,Hart PLC,New Barbaraland
MERZYA74HRPLB6B,Andrade-Mendoza,Allisonbury
MER18NXLQAXAD8L,Pugh Ltd,Williamsberg
MERFCL45J6R1GZN,Watkins-Butler,Lake Crystal
MERV5GC2UH65ZIJ,Mosley-Fields,Port Christina
MER1J2SI8APF4HR,Jones and Sons,North Billshire
MERE4I0HYMSW6BL,"Sanchez, Miller and Reid",North Latashaport
MER7TCIR72JRAAB,"Young, Ortiz and Stokes",Emilyborough
MERFDZ015Z6EH0I,Russell-Stevenson,Kimberlyhaven
MERQL47O2CPCL6I,"Lam, Shelton and Jacobson",Tonyaborough
MERPSAFL4KULHJT,"Fitzgerald, Garrison and Gomez",Peterfurt
MERL81E417NFCTB,Whitney-Pope,Port Michaelside
MERIF34LFA7Q512,"Newman, Mejia and Young",New Richard
MERPLQOFLH289DT,Trujillo-Barnett,New Amy
MER2TGBVNQJK8AD,"Huffman, Gardner and Jones",Elizabethland
MERM0JFUD0DE7A9,Miller-Scott,Brownhaven
MER7O1Q3CGAQ28X,Sheppard PLC,Estradaville
MER04B0S1HIRPRP,Young LLC,North Margaret
MER3NRLBB5SYT2F,"Vincent, Trevino and Hall",Sheltonbury
MER88DC7RNBGZKG,Wilson PLC,South Charles
MER1UCT5LOE8NRE,Keller Inc,North Kevinfort
MERI37WX5XKZN7B,"Johnson, Flores and Porter",South Dorothy
MER0TMZK609KBZL,Pace-Morgan,Hoodport
MER7O1FQAZIVYB6,Reyes and Sons,Pittsfort
MERLFDTEOTJA5B8,Ross Group,Frankland
MERW9XTX5HHPKMH,Ward PLC,Lake Mary
MERAV299KG027PM,Collins Group,East Shanechester
MEROW1ZIZPXTBE3,Barker Ltd,East Dawnville
MERX9XBN0LKKYCR,Buchanan and Sons,New Sarah
MERSH12ZVRF5KVP,Snyder-Butler,Amandamouth
MERVAG29SON6NTU,Edwards Ltd,Port Jacquelinebury
MER965PFEYA0O2K,Mclaughlin Inc,North Christophermouth
MERXV8B6T81O75B,"Peters, Bradley and Frost",East Calebmouth
MER6PQCFJ7MS8NR,Sanchez LLC,Lake Amyside
MERZR1OQ6658K6L,Alvarez-Ellis,South Olivia
MER6PY0AP75C4LF,Fisher-Benson,Michaelchester
MER2INWCVS5SP5N,Hansen-Sparks,Jacksonbury
MERELF0RY8JYUWA,Barron PLC,Morrisonberg
MERKY0UMA7220E6,Williams Inc,Moonhaven
MER69STSKNR3WFT,Harris-Phillips,North Mark
MER7OVVDPJ83KME,"Willis, Burton and Ewing",North Robert
MERW7ZLMKFIVK99,"Hunt, Page and Morton",Brianberg
MERLEXVVVKVMW18,"Quinn, Yoder and Alvarez",Johnsonstad
MERB5AFZLP0UFH1,Moore Group,Brownborough
MERDNONPG6HNGWZ,"Coleman, Osborne and Cunningham",Victoriaberg
MER15YSYAEANJLS,Nelson-Bray,South Kimton
MERES2NGTRPJZKK,"Roach, Stanley and Wise",West Kelly
MERR8Y63UDFSZMI,"Turner, Craig and Walters",Knightland
MERR6MV4VWHJBND,Ford LLC,South Melody
MERKYF9TB26YG52,Mckinney-Phillips,Ashleybury
MERSF9VNXLMY6XA,Hernandez Inc,West Stephanie
MERG7SB30UXFY7L,"Barker, Middleton and Bailey",West Andreaside
MER5NRRBSB8359A,Johnson-Wells,East Kristin
MERWYZBI3DJ0H4N,"Garrett, Wheeler and Vargas",Kyleport
MER9OROWU94PZCQ,Evans-Oneill,Robbinsmouth
MER0QM3BN27F28V,"Smith, Flores and Jordan",Matthewville
MERWNYU5M5B5SVK,"Williams, Lee and Steele",Marktown
MERVLDH8DG27GE0,Russo-Macdonald,Kerrside
MER3QSEYJU4JKKN,Conrad-Allen,Buchanantown
MERUW2GIMQGLGRZ,Brown PLC,South Jocelynport
MERNZIB6BSWU4VL,Mack Ltd,Leonardland
MERNU6J8K5FF6SL,Choi PLC,North Connie
MERZNCLPP5540TY,"Coffey, Morales and Lopez",Yorkberg
MER1XOJBTP0Q15P,Jones Inc,West George
MERL69C5ZZ34NDK,"Smith, Cooper and Jackson",Laurashire
MERVMF2FCT1UYBV,Landry LLC,Ericburgh
MERLKIUY9ERU5MX,Martinez-Mann,Heatherfurt
MER4JC7HB6805L9,Lee-Hamilton,Port James
MERYERX1YUU6SQ5,"Warren, Fox and Crawford",Beltranfurt
MERK08HD85SY8U5,"Schmidt, Wood and Pope",West Debbieberg
MERIKUSEPVTLAE4,"Smith, Ayala and Chambers",New Vincenthaven
MERG7JNP074YT8W,Martin-Howell,Quinnville
MERER0XMQOILL80,Jones-Mills,Rebeccachester
MERBB4WZZ8J2QYB,"Crane, Scott and Espinoza",North Christopher
MERTI6KVN8XG0CU,Vega LLC,Snyderland
MERUQ99YVU99OBK,"Gonzalez, Stewart and Taylor",Jonesborough
MERAYTZTQYATTT4,"Moore, Booth and Brown",Brendaborough
MERK0DCO7PQ0HTG,"Walker, Beard and Foster",Maryburgh
MERG821KXCLHWA8,"Gardner, Thompson and James",Port Melvinport
MERFQR0ZZQKHUFZ,Smith PLC,Port Michelleside
MER3XGJXNXRVG0G,Powell PLC,New Carlosport
MER62FW6RSOFEW5,Norton Inc,Lake Amy
MER3NUARBGTN26A,Floyd Ltd,Martinbury
MERSHMZQEQGBPKX,Wilcox-Stewart,Jessicaton
MERXNFBNQBLQNMT,"Jones, Woods and Hall",Eatonland
MERPDEAHFEGV0XZ,"Garrett, Contreras and Ramirez",Fernandotown
MER6PXIF3N50H8G,Carter-Benson,Alejandraborough
MERJH9CM7OD27M7,Thomas Ltd,Port Christinestad
MERIV37YBQLTU9G,"Perez, Snyder and Gutierrez",West Jeremiah
MER0V0Y1CXMLMXQ,Fuller-Lopez,Elizabethview
MER3C63IKBKYX6D,"Bell, Ortiz and Ellison",East Dustinfort
MERS2J6FKVP9ZST,Hughes Inc,New Bradley
MERMUSITQGNG1MB,Mcintyre-Rivera,Riceville
MERJ5T6G70H77PZ,"George, Rogers and Smith",New Andre
MERKWG1BTHU9PQY,Shah Ltd,Gutierrezland
MERGU7ZU9XP48DS,Mosley-Shaw,South Maryfurt
MERZIC1WX76F3RI,Christensen-Kidd,Heathershire
MER15IVZNX4V34Y,Riley LLC,New Anthonyland
MERSDX5YBGQ94G9,Gardner-Campbell,New Charles
MERGMAD1U21XL0Z,"Zuniga, Richards and Stevenson",East Lauratown
MERFS1WVHOYY5RW,White Group,West Timothyfurt
MERUDESLM5A7SG2,"Smith, Matthews and Williams",North Lindaburgh
MERTQ0UQH74YCO2,"Henry, Johnston and Baker",Frankfurt
MERD2UACOOMPBL9,Bolton Group,South Danielle
MERWFNCGI65CSIZ,"Martinez, Maddox and Maynard",Charlesside
MERMX34YIN12M3H,"Leonard, Gaines and Zimmerman",East Kayla
MER6ISSU1DJSNJ1,Murray Inc,Port Jamesborough
MERB78NE1T6BG4R,"Brown, Petersen and Hernandez",Briannastad
MERKKFQFSDJUQVI,Welch Ltd,Lake Monica
MER046O6N852OP6,"Long, Christensen and Hernandez",Andersonville
MERU12WJXY3PYRY,Weiss-Nguyen,North Misty
MERA7W9S23WZ1RE,Spencer-Huang,Sonyamouth
MERS50YAYUMM07F,Hardy-Ross,Lake Edward
MERJ26K4SFFTPT5,Lewis-Yang,Hardingmouth
MERPK0KR6V94R35,Rodriguez PLC,West Joseshire
MER0BW74FK82KOC,Patterson Ltd,Jillland
MERQL12RTPL5Y9X,Gomez Ltd,Stephenborough
MERLQBDM7B9E0XS,Collins-Richardson,Johnsonmouth
MER8OKSH4Q12TNW,Wright Ltd,Laurenton
MER3IVBYX9PTI2A,Clayton Inc,Port Clarence
MERD5I1LPUYWXO1,Leonard-Myers,Franktown
MERP3O4EASZYFKO,"Evans, Cooper and Smith",Lake Andreaport
MERKCEU59RJRKCG,Vaughan Ltd,Jonesfort
MERG6DQQIYC57O7,Navarro-Figueroa,South Harryhaven
MERFSZ1AQR2339F,Padilla LLC,Madisonstad
MERPIE90YWE0ANK,Carpenter-Edwards,South Sharon
MERIMEGBT55L8HU,Harrington-Braun,South Brooke
MERV8WA65NUI8D1,Orr Group,Garciachester
MERVZ2JZ4PNXRUW,"Miller, Patterson and Mccarthy",East Lori
MERWT5PPCXHHT6Q,"Farrell, Williamson and Harrell",Jensenville
MERAPSMW7JZVJWS,Cox-Smith,Catherineburgh
MER1ZIHNQM9HYHU,Kemp-Black,Sylviabury
MERYQ061P4LFXHP,Schultz LLC,Johnport
MERDPPW9V85UY9Z,Walker-Johnson,North Seanton
MERN6B8D1IGKZYZ,"Chung, Morrison and Grant",Duranland
MER64BTFNIARGEP,Wilson LLC,East Jonathan
MERBNTUXQHIQSH1,Reyes-Barber,East Dustinton
MERVGH0FG92BHVE,"Charles, Hall and Hernandez",Sarahmouth
MERA2FYZOM654ZJ,Conrad-Jordan,East Madelinefort
MERYUUWIYJJDSIM,Acosta-Garcia,Michaelton
MER3JA0ZG9JKB40,Harrington-Lowe,North Christinachester
MERW8484DF8O3B0,"Stevens, Lewis and Sawyer",Maryborough
MER3F9M5D1OQ9BR,Lee-Schmidt,West Amy
MER9CKF27O9POVX,"Price, Williamson and Edwards",Crystalberg
MERX22QFC7N7SGL,Price and Sons,Julialand
MER6HE10RDA1AY3,"Martinez, Mcneil and Hernandez",South Jennifertown
MEREZA4DZESNKSR,"Garcia, Raymond and Elliott",East Samuelville
MERAA53ZJR2UZGY,Ramos PLC,East Joseside
MERNQKHGS2PAMRO,"Neal, Golden and Jones",West Jennifer
MERM96VIY45M8RR,Bell-Pacheco,Hawkinsville
MERINQNC6D11YEA,"Archer, Kelly and Glenn",Port Jaime
MERHP5G5NMAVNUA,"Reese, Horton and Raymond",Daviston
MERLHM028QY622B,Gilbert and Sons,East Jasonchester
MEROZBJWHUZ1URW,Jenkins Group,Jeffreyfurt
MERB7C0PXTG3PU0,Hernandez PLC,East Kathleen
MER118I7HMB1QWG,"Curry, Baker and Carlson",West Alberttown
MERH5YEXM269TC4,Hardy-King,East Joy
MERD8J4G5SZLQQ6,"Ryan, Fox and Robinson",Lake Alexisland
MERPU9HXLJLLSG6,"Silva, Owens and Dickerson",Walshfurt
MERFHM5YSHLJWR2,Bailey and Sons,Seanburgh
MERNCDHI1GRFD7M,Weaver Inc,West Jane
MER2DHIVMQ17ZGK,"Jones, Mcneil and Singleton",Lake Karen
MERPB5L5NO00X5L,Rangel PLC,Rayville
MER0WSKLFONBOTI,Martin-Glover,Nelsonberg
MERCHQTUOA5ABOV,Ross-Jones,Goodwinport
MERLPS4AJMBV6DT,Alexander-Chen,Lake Jenniferberg
MERLSTS43TNBL2S,Lee and Sons,Vasquezhaven
MERZQC52JU0H5SU,Barnes-Johnson,North Toddmouth
MERPEZITDISQJC0,"Pruitt, Moore and Preston",West Hector
MERP0JHLEFP6GI3,Mason-Farmer,Sydneyberg
MERA7OFJMZOD9W6,Morris-Acosta,Zamoraside
MER4O42SHLI0KAF,Cooper-Taylor,South Dean
MERZNUGALO9R8GU,"Kelly, Mcgee and Walton",South Susan
MER8E18ETCEK8LP,Edwards-Wallace,Christensenside
MER2LZ78M6EZMEO,"Horn, Figueroa and Daniels",Karlburgh
MERNMVJK6MELNX7,Buckley-Morgan,Lake Dustinstad
MERAF6D8DGAP5SU,Ward Group,Port Steventon
MERDLPGHJVV836A,Lewis LLC,North Rhonda
MER3PRM4LVB4XGF,Thomas Inc,West Paigetown
MERHAKUBKBLNT9M,"Burns, Christensen and Trujillo",Gonzalezton
MERIHWT9ZFRWDFQ,Butler-Matthews,New Katherine
MERCIN58S6HU75W,"Strickland, Thompson and Williams",Robertsport
MERVNUIMIBPDQ3B,Allen and Sons,Millerside
MER6UKOFE6DUKZ9,White PLC,Benjaminhaven
MERKYJG09Y60X0Q,"Williams, Avila and Moran",New Kevinport
MER07TBACS5ZB77,Chambers LLC,West Emilyfort
MERII81YD0L4ZCM,David PLC,North Morganview
MERQN5X3IXMV06Y,Thomas-Johnson,Eatonbury
MERYGLR3ZXRMG0U,"Henson, Patterson and Terry",Buckleyport
MERS42HQDHZ79JP,"Davis, Gregory and Clay",New Sonya
MER381K0X82GCMX,Lopez LLC,South Mark
MERB6DGA20BW8EY,Cox Ltd,South Michaelberg
MERM92ZKUG4GAJ8,Wilcox-Potter,Robertburgh
MERAR52POXGRCQ7,Leblanc-Lawson,East Ronnieburgh
MERJN35QOD3EC8W,Reid-Brennan,Lake Diana
MERYXX9ILR5TAMO,Santiago-Smith,Allenview
MEREGTVN2762HQQ,Wagner PLC,Port Julia
MERDNYCFZRVY0E2,"Wright, Miller and Wilson",Smithberg
MER5869HQ5TDJDQ,Smith-Brown,East Ashley
MERJPHQ8WXDLHX1,May-Haynes,New Taylor
MERSL8PQNJTC3X4,Harrison-Alexander,Juanburgh
MERGKZUCO2IH48S,Jones Group,Mcdonaldside
MER48958BSKT81W,Henson-Barber,Danielshire
MERNIPXU7EN9JEE,Anderson Ltd,East Phyllisview
MERTPCKE4ESQNH6,"Brown, Ramirez and Hopkins",South Jason
MERCKNW0HAYNQGL,Harris-Pope,Lake Cory
MER4U0MAZII90JH,Howard and Sons,Lewisshire
MERDYRL2HUJDRRY,"Vincent, Miller and Rodriguez",Arianahaven
MER3VMJQJMSXXFL,Logan-Mitchell,Santosside
MER9ZPMS303EYFM,Green-Martinez,Reneebury
MEREIOLYN7USMFI,"Wells, Pace and Larson",South Kimside
MER2YH3RNFWH15R,"Thompson, White and Le",Hartburgh
MERXJPLT8HG77XX,Mcdonald Ltd,Daniellemouth
MERZAIKZ46TIUME,"Figueroa, Williams and Henry",North Elizabethtown
MERDOBXO9NZ17XT,Mcdaniel-Collins,North Paige
MER21BUGF3N9WHI,Giles LLC,Powersmouth
MERDFAA8WWKZRDK,"Adams, Thomas and Martin",Lake Perry
MERO126UN8FDCY0,Doyle-Mathis,New Melanie
MER71SBR4YZXCCL,Scott-Ford,North Henryside
MERD2AXMJT421H8,"Castro, Pena and Cisneros",Theresaview
MERVPX2IJSHS9H6,"Brown, Powell and Ingram",New Whitney
MERNRPJQ1J4VTRK,Hernandez Group,Lake Kimberlyshire
MERC7CDSX8DRA43,Anderson Inc,Byrdhaven
MERT9HRE6AROCWY,"Glass, Bush and Sosa",East Chadside
MERFSR5L3G2U885,Jones and Sons,West Kristinfort
MERPGQQMLM5H7FL,Cruz LLC,Terrymouth
MERTPVHBCX1JRP3,"Wright, Bennett and Edwards",Christopherburgh
MERGVJ3NCQJ0KTL,"Allen, Williams and Jones",West Brittneychester
MERE2MGL6GOPHCD,Green PLC,East Jose
MERR4FN5272JIID,"Garza, Shaffer and Crawford",New Karen
MEREQ9E550TGIBL,Oconnell-Chavez,West Robert
MERPBZAUR9R3SCK,Golden-Fernandez,Bradfordstad
MER57GWIFUFU83O,Cook PLC,Jordanland
MERHBUZJDFHDVY7,Smith Group,Richardmouth
MER23N012ZO5FLZ,Hart-Garcia,Lake Brenda
MERE71SHAPM0QJY,"Ross, Wright and Martin",East Megan
MERI2EIQZXDGY2G,"Harper, Maldonado and Hess",East William
MERKTD1R0GNKUKX,Williams-Williams,Greenestad
MERQYKK2L4QFXC2,Eaton-Washington,East Nicolechester
MERIWJ8QNPTK6ER,"Cameron, Wood and Cooper",West Betty
MERV9RX8JAMTV1G,Chavez Group,South Logan
MERUXMT78HZWKZP,Nguyen-Wheeler,Lake Alyssa
MERAS3Z1QSZEYHF,"Santana, Baldwin and Patterson",Grahamport
MERVX2XGW94PIPZ,Trevino-Diaz,Parkermouth
MERB99933QPSTMS,"Martinez, Dalton and Soto",Melaniemouth
MERA2BFFO7HUZH6,"Haney, Snyder and Morrison",South Jerry
MERJR6WSEVKX6SI,Reed-Fisher,Montgomeryfurt
MERIKK0JN2A8WN6,Collier-Ross,Drakeburgh
MERU9CTIEXK9VSH,"Trevino, Smith and Moore",East Melissaview
MEROHGTS14U05B5,Hodge Inc,South Richardmouth
MER37PRMXCZW5DS,Jones-Richardson,New Patricia
MERU8E3J6XXXPNN,"Dixon, Webster and Ramos",South Matthewbury
MERUEELPP6OIEAD,"Anderson, Brown and Douglas",Chungside
MERVC9V7N1OQGQK,Blankenship-Wilkinson,New Michael
MERQTWNXHGRO3W7,Flowers Group,West Jared
MERSKOOZXUE098A,Long LLC,Justinfort
MER10OC7MQEWIRA,Bryant-Simpson,Hartmanshire
MERWXGCVKWL0251,Villarreal-Tran,New Jennifer
MERTIQ1ARW7015Q,"Adams, Whitaker and Rivera",Barbaraborough
MER5QFB0FLFUY5Y,Thompson-Tucker,West Nicholas
MER81HSLMREBYAM,Mack-Clark,Lake Lynnview
MERER2HAI7I9F46,Robinson PLC,West Jackie
MER65XR4XNORNZB,"Perez, Hernandez and Allen",East Haley
MERNCEWOFAN0WJ2,"Ali, Rush and Kirby",Sarahmouth
MERUTRFDWO8KUBX,Gonzalez-Chen,South Sarahchester
MERC1WQ15CAWVLD,"Lopez, Cooper and Johns",South Victoria
MERM4Y8V0E6LP66,Hartman-Baldwin,Rebeccaport
MERB2ZK4L87NLEB,Reynolds Inc,Lyonsberg
MERLO8VDYYYPNGI,Wilson-Rodgers,Riveraport
MERGSCWD4QIF3MR,"Saunders, Manning and Moody",South Kim
MEROAQE7911XFJH,Smith Group,Port Lisa
MERIAWHWKV25HNR,"Bowen, Rivera and Roberts",Andersenmouth
MERTDN2US1PZW5I,Griffin Inc,Grossburgh
MERGJG16SL06XY4,"Moore, Thomas and Buck",Pattersonshire
MERFBT2C0N3DJWH,"Jackson, Wells and Castro",Garzaview
MER3CYQXSTZ2Q8E,Simpson and Sons,Simpsonside
MERKNEGSOZFY8JI,Page-Turner,Port Shannonstad
MER46LCOC2GEPDV,Phillips PLC,Stanleyview
MERTLPA3SEY4VWH,Henson-Hughes,Lake Andrew
MER6MZ1HNHS97G4,Avery-Floyd,Davidtown
MERC5LOBVWRRMFS,Day and Sons,Buckleyberg
MERM9LEAAWRBN7S,Nichols-Franklin,New Beverly
MERJAYBW62KTNU8,Miller-Bradley,Port Michael
MERDCQ37NE65AAW,"Boyd, Murray and Smith",West Amy
MERSGQYEF0JUDBM,Harris-Rangel,East Lindsey
MER1E4WRW1I54II,"Kaufman, Fowler and Day",Lake Sarahbury
MERT9T4SY2UD6AT,Hall-Norman,Port Kellyview
MERAS5KG8O708CB,"Smith, Meadows and Carr",East Laura
MER1JO3UQNU2FXD,Quinn and Sons,New Evan
MERM75Y9U9F9YG8,"Prince, Poole and Mcmillan",Meganstad
MER71SW1HN8T20C,"Williams, Benton and Perkins",Port Timothyview
MERDVQFT5900N6U,Thomas Ltd,New Mathewfort
MERU2H0R1B8S2PA,Taylor-Ramos,Laurafurt
MERGVUBP44SW12Q,Walters-Durham,East Amandaborough
MER098LLO5RAP5J,Johnson-Bailey,Ellenstad
MEREZZYF9O39SI1,Mcdonald Group,South Christinaview
MERZSKWJAI7RMBN,"Roman, Newton and Hodges",Port Lisaton
MERWC0JHIO3GBEN,Boyer PLC,Lake Matthewtown
MERVYN6I7CRB3D1,"Long, Ramirez and Daniels",Jimmyfurt
MERES8Z732V9021,Davis-Parker,Port Angelaville
MERX48ZQA48HV63,"Peters, Chung and White",South Chad
MEREN4RXH3HC1OU,Lane-Novak,Nicoleton
MERXO7LD1PV22Z0,Johnson LLC,Riveraberg
MER829BT9JMM5AK,"Galloway, Soto and Castro",New Mistyfurt
MERMW7D11KRRQ6H,Newman Ltd,Port Kimberlyside
MERE7HX5OJO6SEM,"Hunter, Hill and Green",South Katelyn
MERSYQUNR3Q1K6F,"Sanders, Higgins and Owens",West Christopherborough
MER6UD2XD5AV9FP,Dickson PLC,Turnerbury
MERUS4UNVUFGHG8,Johnson-Carter,Gregorybury
MERQHJL0T51Q8XI,Fisher-Walter,Robertside
MERO1EYVJ6F3ZRF,"Lee, Allen and Hamilton",Danahaven
MERXGJNQLQ2SEWS,Hoffman and Sons,Meganburgh
MEROABRQY8G1S2E,"Frey, Acosta and Hill",Lake Taraborough
MERDI2RADHVYSCL,Miranda Group,New Steven
MERT1ZNZ4ZY7RRZ,"Perkins, Flowers and James",New Stephen
MERYYDJIAKD9F6L,"Hall, Russo and Delacruz",Hernandezside
MEROFYAERNVRRDL,Welch-Cohen,Karlbury
MERRDJ7821YH6PE,Collins-Beck,North Susanberg
MERDOKOGVZ4CVLJ,Archer and Sons,Adamsside
MERS14X7Q82C2RL,Russell LLC,Hannahmouth
MER4A48K46MV5RS,"Castillo, Martinez and Frazier",South Jennifer
MERMQVJ76AVBQZ1,Kline-Foster,Odomfort
MERTA718KTFRXVI,Strong-Dorsey,New Gerald
MERJHL2K3SVYRN0,George-Haynes,Randallside
MERWWLPYXDKIP2N,Smith-Johnson,Ramirezberg
MERQH6DDX3G8D21,Alvarado-Watts,Brianshire
MERWXGH3DSLSOVT,"Buckley, Martin and Flores",Port Tony
MERJP072JDWR7MD,Hogan-Mclaughlin,Shorttown
MERE8S1K0K0NVZI,Welch Inc,Paulfort
MERH8T6J65SBMV5,"Stewart, Wolf and Smith",Nguyenfort
MERUBPP1NA9QVBD,"Simmons, Sanders and Stone",Eatonfurt
MER883IO2PPZB02,Douglas-Nichols,South Christopher
MERMM4MB5DZXC0Y,"Stewart, Holloway and Irwin",Port Jeremychester
MERHMMZKNWZA6JV,"Ochoa, King and Rodriguez",East Sabrinatown
MEREWLI6MAAJNUD,"Archer, Andrews and Collier",Rickeyville
MERMFKYXL21VNGK,Newton-Gibson,West Michaelstad
MERHC2GJ4RIUEF6,Dawson-Mayer,Justinbury
MERWCFG4P595VX4,Owens-Smith,Monicatown
MERKV2QPTLIT9QP,"Kennedy, Castillo and Jones",Hicksburgh
MERKJRVIIJQSMVF,"Osborne, Manning and Klein",Howardborough
MERM1C3FJS8ZYHT,Odonnell and Sons,New Richard
MERC8MERXXAPOQK,Rivera-Sullivan,Daymouth
MERUMN6PJG0XPSM,"Davis, Wilkins and Johnson",Johnsonport
MERJJVNDIK4Y8JG,Cunningham Ltd,North Peter
MER9Y70G9M41MQK,"Herrera, Manning and Flores",Taylormouth
MER1MO9EPKV14G3,Bell-Smith,Smithland
MERZ7BR33YL6F6A,Werner Ltd,Port Tinaview
MERCNNJIL8A0R77,Fitzpatrick-Nicholson,Port Karenchester
MERVQYXQM817TQC,Mccoy and Sons,South Sethberg
MERYXW3S2IV00VF,Erickson-Obrien,East Jeremy
MERA5WJ0DX4AHDL,"Patel, Pratt and Payne",West Carolineberg
MER0JHOE74DC1PT,Wheeler-Thomas,West Richardfort
MERDBC402L2IVDF,Bass Ltd,West James
MER5PA4N6MLCIYJ,"Barnett, Rhodes and Benson",Clarkton
MER6EJNPQSA5L46,"Stewart, Sutton and Foster",Lake Valeriefurt
MERN3YFB2WVESUN,"Vargas, Lawson and Davis",South Janicetown
MERIOZLBH9HMGWX,Espinoza-Ward,Ruizview
MERFG6GRMZRKUMN,Thompson PLC,Oliviastad
MERY0J9XZMGBHFK,"Hopkins, Chase and Moore",North Sarah
MERI2H852MFSP9J,Rodriguez Ltd,Pattonview
MERE8PY5MT25WBX,Ramos LLC,East Christopher
MERMRD38CSQC4NT,Moon-Thomas,Kimberlyside
MERJWLNMXDO3L2F,Gardner-Mccoy,Christopherchester
MERDK4RDI1RMD65,"Smith, Miranda and Nash",Josephshire
MERBFY210LMT9DR,Gray Ltd,Riversport
MERDLNAAD22XVKJ,Hill Ltd,Rubioland
MERU6X9ID4ORG67,"Gray, Bryan and Roman",Norrismouth
MER0LGCF7QANJPO,French-Howard,Port Whitneymouth
MERXGKR5SOQW5TI,Hoffman Group,West Saraborough
MERQC6FWGUIXV1F,Davis Group,Jeffreymouth
MER2QPZEFJFQ7C4,"Mcknight, Bullock and Davis",Lake Christophermouth
MERL4T3Q7Q3P5E9,Lee Inc,Butlerburgh
MERADSD44E3C62V,"Baxter, Aguirre and Crawford",East Sarah
MERTZVCQTX16KUX,Brown-Huff,Mcphersonborough
MERZ65MPMMGJ6WD,Mcknight Inc,Port Erin
MERGGYA4N0TGD14,"Williams, Cruz and Rowland",South Juanchester
MERC08TISQB0584,"George, Perez and Williams",Reynoldsberg
MERBP0AMBEF7ANY,Cox-Stone,Lake Jesus
MERMZTKYS5VVW3D,Green-Ruiz,South Sergioview
MER43YW3BBJHTM6,Ortega-Wilkinson,Johnsonburgh
MERJ9T2CESWERPR,"Beltran, Bolton and Fuller",Jamieton
MERBIQTTDUCGAWV,Anderson Group,Lake Douglas
MER7MYW6K1LDC7I,"Underwood, Carlson and Jones",South Rebeccastad
MERYQEK2I3KFBCK,Perry PLC,Jeffreymouth
MER6KAQD3OKFBJO,"Wilkins, Martinez and Orozco",Dunnfort
MERWQ4VIPGPIZ7Z,Shelton PLC,Port Emilybury
MER6WG1DAR302MD,"Webster, Davis and Lang",South Robertmouth
MERE5B6F0K629KC,Guerrero-Greene,North Natalie
MERKTBU3RV2S5FO,Barnes Ltd,Ryanburgh
MERX03BNVNY65BI,"Wilson, Chandler and Williams",West Susan
MEROY8FN2JNQGT1,"Carter, Hatfield and Moore",East Keithstad
MERL0OMCEA656KA,Kelly-Adams,East Jonathan
MERM7SSZMP04WDO,Peterson-Hernandez,Simsberg
MERAVLYJFZC13G1,Chang and Sons,Port Robert
MERP7MFDVB29L9U,"Glenn, Brady and Jones",Arielchester
MER6WAZW8ZTBF2V,Brown-Weeks,New Micheal
MER2X90EE9GSC8K,Cuevas-Johnson,Lake Jessica
MERH682V6NY7Z6D,"Young, Mcmahon and Curtis",Melanieton
MERZ06KZRBUEC4C,Ellis Inc,Heatherville
MERA3QKCM1N6WNX,Lee-Hopkins,Lake Christineport
MERT1YULZK1R5OU,Henderson Group,Lake Carrie
MERM90OUTC93RCX,"Wall, Dominguez and Peterson",West Christophertown
MERL9HE51QDE89D,"Blanchard, Andrade and Brown",East Pamberg
MERY8O1RX65RBD1,Henderson PLC,Margaretborough
MERROY9TNHNOFAI,Martinez PLC,Jamesfurt
MERSJ96VKTX7SBS,Blevins-Castro,Jamesborough
MER9C6YR1P6CPAU,Stewart Inc,Erinberg
MER4K0SW9K0O0GQ,"Wise, Gonzalez and Cook",South Judy
MER6A3G6L9ONPGZ,Bailey-Conley,South David
MEREKS0L3K3D1U7,"Williams, Newton and Jordan",Juliamouth
MERLVS9YUH6HTJV,Walter Inc,South Annashire
MERVTQRFV9E1D0Q,Christensen-Payne,Ericberg
MER3B6LE43BEWSF,"Farmer, Cole and Wood",Petersshire
MERT5UMOFIQ8AE4,"Stein, Randall and Martinez",South Jaredland
MER4CP5GE7WTU8L,Hoffman-Goodwin,North Samantha
MER9BV4QKMARLBN,Moses-Hopkins,Franklinhaven
MERIUN1FZQYWNGB,"Murphy, Mills and Carter",North Jason
MERX02JJSD4DP4L,"Peterson, Anderson and Fox",South Kyle
MERUNJOJVBFD6MY,Simmons Inc,Jasonview
MERVO04OZKKFKOC,Ashley-Martin,Josephport
MERD0MEEH0LQB7Z,"Hernandez, Welch and Gallagher",East Emilymouth
MER30SF7MHEYNNX,Smith-Cain,West Jimmy
MERVCAQ5IWKT43Z,"Houston, Martin and Reese",Sanchezburgh
MEROPYJJIVXUHXE,"Robbins, Phillips and Mason",New Sean
MER4PXOXP1Z9XNR,Acevedo Ltd,Patriciaport
MERX4EV4UPXEKUF,"Thomas, Dominguez and Coleman",Martinshire
MERDKD3KSZD7HE8,Beltran-Lee,Dylanside
MER03RK45JCTCVK,Perez Group,Haileyfort
MER9QQNNE02ZC4W,Phillips-Hall,Port Donnastad
MER5EBQV3XHPKXQ,"Morris, Williams and Brewer",Murphyfort
MEREHTNLR6J1B3S,Fisher-Davies,Port Stevenport
MERNT6DR61VA8M8,Miller-Jones,Barryshire
MER7SAXQ75A83KI,"White, Whitehead and Lee",Ortizville
MERSLHF1H5XTABC,Turner-Hicks,South Michealhaven
MERIXNAV6EYTTPR,Mendoza-Butler,Brittanyview
MERC64UUZISHHNS,Schmidt-Wood,Amandaburgh
MER9MOY3YE1P1BV,Hughes LLC,Heatherview
MER2I68A9OIRDJ1,Fuller-Robinson,Davidland
MER8I08YVXAW190,Donaldson-Silva,Leemouth
MER1050Z2UJCPWM,Harrison-Cole,Johnsonshire
MERV6F3FRQX4R0J,Price-Butler,West Melissa
MERTQUR7D8AAN5Z,Marsh-Griffith,East Bradley
MERIS0P6E4TX963,"Dunn, Bruce and Miller",Wintersville
MER059J4AHQJQZS,Chapman LLC,South Anna
MEREKZ7Y03J3TR1,Chapman-Rodriguez,Johnfurt
MER22GXCOGGU6HS,"Zimmerman, Wilcox and Baker",Port Patricia
MERPGPH7Y3K8D2A,Jones PLC,South Jamesville
MERD7FOQZXO9N9D,"Hernandez, Carlson and Trujillo",Christiechester
MERN52QWPJR60QE,"Harrison, Beard and Turner",Port Katieport
MERX8FCY7E8OAYJ,Mills PLC,Denisestad
MERAWMHW91ESR1G,"Davis, Wright and Howard",Jordanmouth
MERLE7UIJKIEFER,Terry-Bell,East Andrew
MERUCK0GAHV3Y7D,Jackson PLC,Donaldview
MERF99B96JOKS2L,Daniel-Barnes,Peterburgh
MERFKW2UYB8SZZ4,Marks Inc,West Jeremy
MEREAKT3YA25CRR,Mckee-Smith,East Cody
MEROM4UOOOKS3D9,Charles-Short,Nguyenton
MER4KDJC44K3WND,Ford-Francis,West Michelle
MER9PBT07QUMZO9,King-Odonnell,Taylorburgh
MER9WCS7VTYW9EQ,"Garcia, Hughes and Wilkerson",North Lucasfort
MERHXDVOWMI1AP2,Baxter-Allen,Baileyside
MER4DX0OOC1PUOY,"Garner, Chen and Jones",Flowersside
MERVHF9Y9MCRE6I,"Bowen, Mccoy and Anderson",North Christopher
MERF933S5EQG4JO,"Murphy, Campbell and Davis",Jenkinsstad
MERB0ZQSP92MEU8,"Strickland, Montgomery and Young",Nicholasfort
MEROGMZHGRZ6IOU,"Vasquez, James and Thompson",Lake Robertberg
MERSYFMKHZDLEJH,"Hernandez, Garcia and Perez",Lake Darrell
MERCAXL8570MOJI,"Long, Williams and Holmes",Lake William
MERVY41447AUSB9,Gilbert Group,Lisatown
MERD9Q62ZKTN37O,"Blackwell, Chavez and Maldonado",South Kayla
MERK3KW87GSGQKJ,Jackson Inc,Williamsfurt
MERIN2PX98RVKRO,Harvey-Greene,Jacquelinefurt
MER8GUZ7ZWECKRD,Morgan-Foster,Vanessamouth
MERQHOKSU14SOBI,Gonzalez-Johnson,Davidport
MERMXVWP717855C,Olsen-Fernandez,South Suzanneview
MER69UDZJOMV3WB,"Johnson, Rodriguez and Taylor",Lake Francisco
MERAWG385T9OW5Z,Anderson Ltd,East Andrew
MERKQM5AJLUHBCM,Evans-Singh,Pittmanmouth
MER0P2R7SKNKJKI,Oneill Ltd,Robertchester
MERFN04VU4GQH09,"Davidson, Jennings and Chandler",South Deannafort
MERZ63NQ2VN451T,Pope Ltd,Lake Julialand
MER3GMNFBXLOG1E,"Hancock, Griffin and Pierce",Mosleyfurt
MER1HO12WY2EH2Q,"Reid, Everett and Marshall",West Nicholas
MERVTIWCD0ZI8AQ,Drake-Miller,West Davidstad
MERZRM79D3TTG41,"Perry, Shaw and Mccoy",Henrymouth
MER8MDWVSP2JCKC,"Kaiser, Underwood and Parks",Michelleton
MERDCW3TSBKUP75,Gallagher and Sons,West Lisa
MERXO7S2Q9LL8J2,"Lawrence, Hensley and Martinez",Pittsstad
MER1N5BL97I5YDA,Harrison-Marsh,New Matthew
MER7HRM4UOBTWL7,Garcia-Nelson,Toddborough
MERU1RDH6Q323EN,Davila and Sons,Dawnland
MEROACIFNNROQKB,Morrow-Clarke,East Melissaport
MER8CB2MKBHV0B3,"Flores, Washington and Parker",Tapiachester
MER4WAZP53YB814,"Parks, Garrett and Fuentes",Brandonberg
MER4MB8WUJT1JJC,Collins and Sons,Jessicaport
MER19Y5HNNHPU4E,"Thomas, Pope and Morse",Ortegahaven
MERVDJRT99SCE3O,Rodriguez Ltd,Heatherton
MERNGTU3WAVTQJF,Martinez and Sons,East Lorrainebury
MERYST9PNEIIXPR,"Robbins, Rice and Perez",Jenniferberg
MEROXY1BDSUXHRR,Blackburn-Alexander,New David
MERSVVPWEWEOKWT,"Pitts, Bright and Davis",Stephensmouth
MER2QDXZQNE9K8P,Huang-Wiggins,Alexmouth
MERBD3S4BE3DSBV,Vasquez Inc,Robertmouth
MERAV0HQJRVIUZA,Pennington Group,West Jose
MERAHY17WNZ3WEG,Reynolds-Miller,Grosschester
MERGHFFU4RKON94,"Grimes, Lewis and Newman",Perezfort
MERRD8BO2S4NAD0,Williams Group,Derekside
MERYNUWEXR6UFNO,Conley-Molina,Davidberg
MER4UOJ0YFD3U8M,"King, Jones and Blake",Dannytown
MER6CF8FA45YO71,Perkins-Hanson,South Jessica
MERNUCB4C7F316E,Williams-Burke,Millsfort
MER55OK1VSXYUVJ,Boyle-Hall,Port Courtney
MER7QTPGA5TVD0B,"Cox, Shaw and Watson",Rosemouth
MER1YU28L6BC2EH,Cooper LLC,Moodyland
MER04SNMG9VHC5Y,Mcpherson and Sons,Lewisside
MERBJOD6LO0L15J,"Santiago, Johnson and Welch",Wilkersonborough
MER2RUPMQTFB96A,Valdez-Buck,Lake Michael
MERUMMEQ78OWCEB,Johnson-Scott,Marshallberg
MERC51M2P7QOS70,Franklin Inc,Greenhaven
MER66UO1DF04ETD,"Brown, Harris and Yang",East Joshua
MERF31PPSZB3LRK,Lee and Sons,West Heatherburgh
MERZI0MZQG73KZB,"Cooper, Carter and Morales",Kathyport
MER4VC0RK8FU653,Cruz-Diaz,North Darlene
MERXGHF7UKKOVRM,"Woodard, Davis and Farmer",Port Austinchester
MERNZVVFITFBPNL,Kerr-Knight,Gardnerland
MERDWVM08NEY0W7,Moon-Maldonado,Collinsland
MERZFDNEK0DXB1Y,"Barnes, Smith and Houston",Rileyville
MERLXZQWJDXYNSH,"Long, Houston and Duncan",Lewisside
MERICK02AL70YP2,Moon-Jones,Everettport
MERQBP4K1JQTKS3,"Rogers, Robinson and Strickland",Richardhaven
MERKRNKC1I5VL52,Bowman-Ramsey,West Bryan
MERAADEUYCS626A,Perez-Stewart,North Kristin
MERU3ZC6V5I4C9O,"Roman, Nelson and Nolan",Timothyshire
MERH6587IQHMUFC,Farley-Burns,Lake Wayne
MERLRAQABCHD1FS,"Hardy, Rasmussen and Miller",North Natasha
MERRH8DBMASDMKZ,Jones-Mccullough,East Laurafort
MERAOBBGZDRQGDK,Gomez Inc,Christopherberg
MERFMGR118V8GOJ,Mccall and Sons,Port Desireeland
MERK10D15T67WKR,Wilson Inc,East Maryburgh
MERN2VOOKUB876S,"Taylor, Medina and Williams",Jonview
MER08M0U6FMGV6G,Thomas-Williams,South Davidburgh
MER69U9R5EQ0INK,Griffith Group,Kevinview
MER5289WCJPDEC3,Norris-Morris,Brownchester
MERAL5LTAVCSNQ1,Campbell Ltd,Lake Molly
MERQTPID7N31YJ4,Cortez-Tyler,Tiffanyborough
MERDZY7ZB4Q5DHM,Carlson Ltd,Amyside
MER3M2EF21KZTAM,Flores Inc,Mathewsborough
MERHZIGSIEVU0LJ,Morton-Harper,Lake Christinaberg
MEREJ21HK4EBLJ3,Pearson Inc,Lake Amanda
MERVI2KM3835DD4,Andrade-Butler,South Maria
MER67B18V6U0XWF,Tucker LLC,South James
MERLER6WC7SPDGS,"Brown, David and Harrison",North Sara
MER6RO9W8MWKJA1,Graham and Sons,Holtmouth
MERBXSKEXHISL6Q,Miller-Ruiz,New William
MERENK6NU6BVRDQ,"Molina, Bass and Hurley",East Danielport
MER17GC8FDR2E67,Ramos and Sons,Morrisport
MEROMI68AMT5RIG,Adams Group,West Claudiahaven
MER1RJC2VTBCGTE,Everett LLC,East Kathryn
MER6NFPM26J3CYD,Ryan LLC,Acostafurt
MERRNOHU6LSOR2L,"Wright, Adams and Bowen",North Josephberg
MER7VKO6P05KOB0,Jackson-Harmon,West Sharon
MERXZDFRN7YBS05,"Gonzales, Vargas and Walters",Lake Jose
MERBML8K50QDZQL,Gutierrez-Christensen,Butlerstad
MERLYXJAB737868,"Santos, Rivera and Robinson",Reynoldsburgh
MERFYEUFX9ZUMMM,"Collins, Smith and Golden",Jordanview
MERF4IH6YKEHY7A,"Gardner, Brown and Horton",Lake Christopher
MERG8CUN159FC9D,"Flores, Roman and Anderson",East Sheila
MER5LI907WAHB1I,Johnson-Kelly,West Bryanburgh
MERHN1O1PQKVGYD,Young-Jensen,West Brittney
MER8T0SR8CU2PCD,Flores LLC,North Johnstad
MERAMESGZRQ45SC,"Davidson, Church and Hale",North Rachel
MER10KFBUJH8LYG,Kelley and Sons,Danielside
MER5NORCJD969OQ,Wilcox PLC,South Robert
MER7KZFLDNLP9QO,"Jackson, Munoz and White",Lake Alexa
MER5B677V8QLNO1,Brandt and Sons,Lake Isaiahton
MER8C39F8UWGXFT,Knapp Inc,New Tiffanyton
MERH7DHSBSQFOYC,Ramirez-Jordan,East Matthew
MER1NPYTVGE9S8B,"Diaz, Livingston and James",Port Susanport
MERP0RQCVLH14GR,Bennett Inc,Durhamborough
MERBJZAHE64FUNM,Cox-Parker,Port Justin
MER9GY1DAM4C0A8,Davenport-Thompson,West Michaelhaven
MER85NNHZZXJDCX,Heath-Smith,Youngmouth
MER1DRD0QVTHDPQ,Carlson PLC,West Ginaview
MERCUJ8G0N07FEH,Navarro and Sons,North Keith
MERZVADWWBWHNC5,Smith-Ward,Brandychester
MERI5E5295D2UKO,"Taylor, Stone and Johnson",North Robert
MERKJ9D3LH92J6Q,Ramirez-Warren,Reedtown
MERSHKJCM3PZ2OM,Gilbert-Miles,Estesberg
MERYDOABU4YE1YM,Lester-Nelson,West Scott
MER34UI81YVR1P9,Cooke-Bates,Lake Anthonymouth
MERX365ULOH74CF,"Marks, Wallace and Steele",Lake Victoria
MERFDT88V03U7Y1,Warren-Santiago,Mariechester
MERMH14SJ48JQIT,"Rodriguez, Griffith and Snyder",East Sharon
MERS0SPXD117R7K,Moss-Shields,Martinezmouth
MERZBQGA4NI8477,"Anderson, Fuller and Snyder",Lake Stephaniemouth
MEREXH8PKHUHVOR,Norton-Lynch,South Amandafort
MER8BW845N1QOLX,Black-Davis,Jenkinsport
MERGAMYNMLBATW4,"Jordan, Harris and Hill",South Heather
MERQTL4M220ZXFG,"Obrien, Hernandez and Bailey",East Toddborough
MERJ9J0U2M2DQ4T,Wilson Inc,East Lindsay
MER09C0WULQ4085,"Ray, Foster and Sexton",North Keith
MERZJ1PZK9R32UA,Mejia-Juarez,Castilloside
MERHJP41N93F1AU,"Ball, Parks and Powell",West Ronaldville
MERKYOA8C10KS87,Boyd-Thomas,Calderonstad
MERS0G3DJAM69HI,Hill-Nichols,Jaredstad
MER8D8EYM0FAXGO,Russo and Sons,Sethport
MERIVJPLB9VK7QP,Campbell and Sons,Ericside
MER8K1ZUDHSNYA5,Thompson-Anderson,South Melanie
MERSWRORHRAD5CU,Miller-Myers,Erichaven
MERTWLFDP6B175F,"Martin, Howard and Larson",East Daniel
MERDRZU1DHJ8LAS,Perry Group,Stephaniebury
MER9ESCHY4SB2PR,Griffin PLC,Lake Caitlinburgh
MER7K460S6IBTFM,Cooley Inc,Lisamouth
MER0IWA477RK0J1,"Baldwin, Elliott and Steele",East Staceyfort
MERYOO09EKUTIS3,"Turner, Jackson and Olsen",Markberg
MER41JC9I9OWSFF,"Mccann, Anthony and Montgomery",Adrianaborough
MERUDM3XU1ED288,Jones-Chapman,Crawfordview
MERG2TNGZ4293I0,Harrison-Richardson,Pinedaland
MERDOYA7IPT7AIG,"Young, Griffin and Harris",Mitchellmouth
MERLF32HPO6FC5R,Alvarez-Cox,Meyersmouth
MERFK32I0768ZOZ,"Coffey, Hicks and Brown",Scotttown
MER58Q3EWVKZRJ2,Perry LLC,Nguyenview
MERES94ZBILZOXH,Norris-Camacho,Melissashire
MEROKDIM3PRE3Z7,Clark-Mitchell,East Teresamouth
MERFXQEKU22PYMC,"Henry, Hall and Walsh",New Shawn
MERHXWWW4NDVSK2,"Edwards, Smith and Petty",Theresaberg
MER7QUR6Q7YJQKN,Vasquez and Sons,Yvonneview
MERET5HERJO1TEV,Alvarez and Sons,Brittanyside
MER81POL2ENEUEF,"Huffman, Nicholson and Nash",South Davidborough
MEROTQ453U9OJQ1,Brown Ltd,Jamiestad
MERQRY8SOF16HQC,"Davis, Holloway and Phillips",South Christina
MERO37XBHASCVN5,Martinez Inc,Shannonville
MERYAW36FP61U2S,Davis-Vega,Meganfort
MER4TI2SJ7HENED,Baxter and Sons,Duncanhaven
MERMSUMD4LDZ27T,Floyd Group,Dawnmouth
MERWKYJOPHAA9SF,Jordan-Irwin,Onealfurt
MERYRRYL30FMRT1,Lane Group,Donaldside
MERZC2H9PC6UA3Q,Banks and Sons,Wilsonville
MERTCCCDB58LB9A,White PLC,North Timothychester
MER5PRAKE9YP79W,Morales Group,Bellburgh
MERCRZTNUL63YTK,Romero-Barrett,Matthewview
MERLKUDGS7IJOCM,"Hernandez, Harmon and Henry",Briantown
MER5PATMQL76N65,Hampton and Sons,Michaelfurt
MERS8B4O54IKRJP,"Porter, Burgess and Hebert",Lake Karen
MERM106QNB2MEXW,Ferrell and Sons,North Jacobbury
MERCHUHBW7RN3GP,Wilkinson-Moore,East Brianhaven
MER7GMBDH9NHDLZ,Bell-Curry,South Mandytown
MERYSZMMJ91FC5A,Benitez and Sons,Lake Brittneymouth
MER030D15IUBST7,"Rodriguez, Fisher and Williams",Christopherfurt
MERWI2FA69E4F9Q,Hanson-Fischer,Lukeshire
MERP6RPETLVQED9,Phillips-Terry,Robinberg
MERW5UTD3MQGWEW,Holder Group,North Jefferyland
MERVAHZYTYFPIL8,Melton Ltd,West Andrew
MEROEV6IFGKK7D0,Montes and Sons,Jennifertown
MERG9YC1CCIBPRZ,Hardin Group,Lake Shawnton
MER5T79SVI7D1PM,Randall Inc,Hoganburgh
MERT6LZCA97FYB7,"Crawford, Murray and Olson",Baileyview
MER7388FJV2X23E,"West, Velasquez and Williams",South Wesley
MERD8SCI4D79OIW,Sandoval Inc,South Robert
MER1AJ55OLZZWMW,"Hudson, Lutz and Mcgrath",Karaport
MERBAWE1IGZYMUD,"Evans, Brooks and Santos",New Regina
MER24AEI31C7G83,Mckee PLC,West Amanda
MERPY8Q7B3MO1FR,"Swanson, Miller and Williams",New Jasmine
MERJJ28XJ7PU1DF,"Cruz, Lawrence and Weeks",East Kevinburgh
MERD7MMIPTCD2TY,Allen-Webb,Churchfurt
MERTTD69YSDETD8,Richardson Group,Owenshaven
MER46TA2PMF9NMT,Rivas-Costa,Bryanfurt
MERZ7FHGCI6TWO4,Williams-Villanueva,East Julie
MERGQWVSYGE52DN,Turner-Duncan,Lake Juanton
MER81UY8IPJAAX6,Campbell-Taylor,South Shannonland
MERBDVHK0L9JKHL,Coleman-Shepherd,East William
MER0VGZNSM14LW8,"Peterson, Mills and Torres",Crystalbury
MERA68YYVNAI467,"Woods, Wallace and Newton",Port Samantha
MER7PDHY78R6XO6,Ray and Sons,Wendychester
MERKA0EI1TQM3DV,Palmer-Maldonado,Lake Lisa
MERYSZ1NFZNI30K,"Johnston, Fleming and Adams",West Veronicaland
MERZBZ5SR9WV1I6,Roberts-Blair,East Kristina
MER14OW1RYWJUXE,Valentine-Crawford,Parkertown
MEROJP9CS1TI7O7,Dillon-Carroll,West Michaelton
MERC0OHV3FR7FNI,Martinez-Cox,East Timothy
MERSV516QOR8VVI,"Lara, Richards and Stewart",Port Heather
MERB0JC79O0YAKW,"Riley, Sanchez and Griffin",Barryside
MERV5NDMYZ61331,"Vincent, Livingston and Harrison",New Beckyborough
MER806VFKNDZV47,Hall Inc,Martinfurt
MERKGAWTZIPI73S,Boyer-Flores,Michelleshire
MER0S4Y3BTU4GGH,Ball LLC,West Jonathonstad
MER93NTXDU3M7BS,Orr Inc,East Maryshire
MER6T9TV6LHHO25,Copeland and Sons,Weststad
MERGAQ7DVAZ02V0,Miles PLC,North Jenniferfort
MER6O30BEAXX092,Mason-Barron,Prestonview
MERLIOCDOV9RCUL,Cooper LLC,Kathrynberg
MERQSOL0BFU6EK5,Davis-Miller,Michellehaven
MERMGKBT08VOK9W,Brooks LLC,Richardmouth
MERZTJQ19WBVIBX,Wolfe Inc,Farrellmouth
MERZ20IE2HGHITL,Mcgrath Ltd,West Guystad
MERPP69Y21G3F56,Williams-Rivera,West Jennifer
MERTR67DNNIQPCE,Cunningham-Morris,Kendraburgh
MER3MPDSS2SY7HT,Hayes PLC,Jonesmouth
MER4W495TMS18S2,Mendoza-Marshall,Port Marybury
MERT4LNDAZ9GQXT,Powell-Jones,East Dawnchester
MERLRM01EG9U7WM,Stewart-Brown,Hectorview
MERXWADUIXR5I97,"Ross, Morales and Watson",Lake Barbarabury
MERYODGR604LIZD,Lee-Robbins,Aprilhaven
MER4ETB2R84HG4P,Rivera LLC,Lake Jasminehaven
MERBCR5J421J8UG,Perez LLC,Lake Victorport
MERU2AM0XLMRVYV,Brown Inc,West Jeanettemouth
MERYA4T6HYREFIE,Carroll Ltd,East Waltershire
MERFIQQ2F3MKTGG,"Gonzalez, Peterson and Washington",Samanthaside
MERZQXRAJXUJXYG,"Webb, Munoz and Joyce",Jessicaburgh
MER3KTSUUNBRN12,"Ramirez, Briggs and Smith",North Samuelborough
MERTJ7U4G6B5HLC,Hess-Johnson,Jeffreychester
MER2XC41M5D2V2D,Thomas LLC,Anthonyfort
MERK35ZFZ2MTMIQ,"Paul, Pham and Odonnell",Brandonfurt
MEREP8PHZAEX84M,"Thompson, Morgan and Smith",Pennyborough
MERTKW8VN3PZ2PL,"Harris, Shannon and Donaldson",Johnsonburgh
MERGDFQFEULPUBJ,Dennis LLC,North Terri
MEROIOF8TXPR74I,"Fleming, Romero and Campos",Thomasfort
MER0V69N7WLCGIW,Hernandez-Humphrey,Lake Jacqueline
MERCLUBN68KCUWJ,"Fitzgerald, Webb and Newton",Port Sandra
MER10KHQSFD3SYB,Blake-Smith,Jenniferstad
MER6S3T87KW5NMD,Weber Group,Jillianhaven
MER21O7ZC1PMV43,"Davis, Rogers and Jones",Carlsonland
MERIZAHCHUANERW,"Harding, Hardy and Fuller",Port Shelbyton
MERE5MDX0ZWWQ5Z,Torres LLC,Elizabethchester
MERE88YGCMJVXL9,Small-Garcia,Antonioville
MERISLDMR2HN019,Wright Ltd,Richardville
MERZ5Z2E57DL2EI,Gomez LLC,Grossfurt
MERLVR141GR3FP0,"Friedman, Russell and Rogers",Rebeccafurt
MER6E6PGWMANCVD,Stokes Group,Lake Charles
MERH6CVSMTOK5B9,"Wheeler, Lawrence and Bartlett",West John
MERE3HO066VDN4R,"Phillips, Shaffer and Lee",Mcconnellfort
MER7R1KSCAOXX43,"Erickson, Hill and Rangel",Bakerside
MERIFJD3ZXNET6E,Powell-Parrish,East Cynthia
MERLPIKFL1ZIHAK,Campos-Moody,Marvinmouth
MERM998WVXPRLK2,Robinson Inc,Rodneyview
MERFT1XFUG8QNXZ,Martin Ltd,East Donnaborough
MER6Q6C3FY46DRD,Page Inc,Jamesport
MERSO25FTOETWW2,Medina and Sons,Joeborough
MERZZL4ME1TTE4N,Rodriguez Group,Lake Rita
MER5NZG71GKCM42,Bailey-Rodriguez,Dannyburgh
MERAH5Q2MAVXIGW,Martin-Clark,Smithland
MERTOVI3BVE5SI2,Murray LLC,South Elizabethchester
MERKHJ23MU4CMSN,Mullen Inc,Taylorborough
MERI02R6ZQ7YCD6,"Pierce, Travis and Peterson",Raytown
MERFEXHPSMWU0HT,Santos and Sons,Caseytown
MERK5X6A5SGH9DR,Silva LLC,Port Matthew
MERMW6O300H1C49,Anderson-White,Parkerbury
MER1M6D6OCUSRMY,Williams-Edwards,Lake Scott
MERHAMD83GJEHVQ,Lopez PLC,North Darren
MERWNMKIBFTOLAW,Hart and Sons,Fitzgeraldmouth
MEROWTCA8P6GM75,"Woodard, Pena and Young",Leefurt
MERSXQXP6C1O710,"Austin, Davis and Warren",Port Kelly
MERLQS08VB0TKAK,Wright PLC,North Alicia
MER4I4XODIS65KJ,Huffman PLC,Gentrychester
MERK9BTQ7VG83XA,Hanson-Patel,Port Jameston
MERK5F5TE49KBO1,"Smith, Powers and Mcconnell",Brettfort
MERLMY9DDSCORBS,Bennett-Poole,Mariaton
MER7G4VC6ZM6U7G,Alvarez Ltd,Port Johnton
MER24EAWWW2JNFF,Cuevas Inc,West Brian
MERSIMQKREAEOHC,"Wong, Cruz and Guzman",Campbellbury
MEREOMI3F4NQXC2,"Small, Walker and Coleman",Robertmouth
MERNY4509EIT3VL,"Arias, Perez and Martin",East Steven
MERUNICW4HBLQ5R,"Carrillo, Bell and Brown",Benjaminborough
MER7TGLDT7BM16X,James-Brooks,Adamsberg
MER7VPJ00VFZ3PA,Garner-Stone,West Scott
MERUC4P3V43BR5P,Mason-Leon,West Aprilburgh
MERPKJNEMGJKU44,"Lloyd, Jacobs and Reed",North Paige
MERZO4ET6M85V5T,Juarez Group,Quinnland
MEREH2TLSI8BB99,Gutierrez-Foster,Jonborough
MERTNIKI2MZKEWA,"Knight, Tate and Richmond",Lake Jenniferburgh
MERS9TC67R0RQN0,"Jones, Serrano and Rodriguez",Lake Erica
MERJCMZY2I14C66,Hall Inc,West Derek
MER9W3OI79OQ5XD,"Palmer, Daniels and Green",New Kathy
MERPVK09PX2KKR6,Brooks Group,South Michele
MERE7FNPF800UX7,"Griffin, Arnold and Ramirez",West Alexis
MER1FUI6ABKRCLB,Peterson-Jones,Kellyside
MERK346YCDY6NLM,"Carlson, Mendez and Walters",Millerhaven
MERW3KNJGAQM663,Shah-Rivera,Braunberg
MERW94TYQSZ9HWM,Dixon-Jarvis,East Marystad
MEREEDCKA1C3JUQ,Martinez Group,Christopherstad
MER4S7IBJKVE3N8,Smith and Sons,Leonardshire
MER0W3AWM9OR6W1,Hutchinson-Nelson,Hobbsbury
MERZY9HMMOBRO1F,Owens and Sons,Schroedermouth
MERLOFFQ7WFFS3O,Barajas-Smith,North Wesleyfort
MER2TLRJ5B25P74,Howard and Sons,West Andrewton
MERQH7YAH4JFN4W,Griffin Group,Courtneystad
MEROAV96VYFH13T,Shaffer-Rodriguez,North Natalieland
MER5MI369D05R0B,"Rhodes, Christensen and Porter",Cynthiaborough
MERFN4FLZD6YOEY,Herman LLC,Carrfurt
MER662MC7TT3Q7L,Davis Group,East Annville
MER9VJY33I1J4TX,"Romero, Hester and Perkins",South Anna
MERGM3HL29V2EER,"Wheeler, Reyes and Contreras",Wellston
MERCWWP4YIYPVH9,Humphrey PLC,North James
MERAFF3XN9S177T,Ward LLC,Smithchester
MER62BWBAQ8AIYU,"Tucker, Brady and Sims",Harrisonside
MER0BDIENM67Y62,Sharp-Cox,Lake Rhondabury
MERBVVU21AQZ2C7,Stewart PLC,South Elizabethfurt
MERZLVTN65DNC2F,"Fisher, Hernandez and Garcia",Jamiechester
MERKNIXNLZ6O8RC,"Trevino, Ferguson and Hicks",Port Elizabethburgh
MERPVAFAHHS9VM4,"Mercado, Moss and Herrera",Sullivanshire
MERX7P0QYNT8LEX,Freeman Ltd,East Jamesfort
MER9V5TU2659Q4U,Reed PLC,Brownmouth
MERGAA5J49YDJ9Q,Brock-Shaffer,New Ronald
MERTSZF2OW5H2IN,"Scott, Robles and Meyer",New Douglasborough
MERGS34JM45LTEV,Fisher Ltd,West Stacey
MERL0PJAU7Z571E,Smith LLC,Allisonton
MERLKAT8A5YS005,Marshall-Evans,Lake Cynthiafort
MER375PGTDU9NY9,Lewis-Fleming,South Michaelmouth
MERY5BBFLBXTDSU,"Hudson, Diaz and Taylor",Lake Corey
MER7D7WRMKZQ1NA,Douglas and Sons,Lake Jorgeland
MERKF5LMN2UTY4R,Day LLC,Christianhaven
MERPHVMI4CWVWWV,Andersen-Keller,Fordmouth
MERGAI8LKZM0L7E,"White, Oneill and Cox",Port Ronald
MERBK60FZIV1PK4,"Young, Brown and Peters",South Robinfort
MER3EBZRYJE4KD6,Herrera-Phillips,East Stevenville
MERSC8ZBGY9108P,Lutz and Sons,Normanhaven
MER1C4PYNZ0MF3U,Martinez-Black,Lake Sarahmouth
MER795IQRNACE13,Le LLC,Lake Danielle
MERYNT2HVQ0BGTU,Thomas Ltd,Karlton
MER5N4JGEJR0ZVL,Ward-Daniels,Greentown
MERLJNJL98P4STR,"Hayden, Ramirez and Wong",Hernandezmouth
MERH2WNB59MOMSS,Williams-Brewer,Russellfort
MERBFMFNAINS8DC,"Harrison, Parker and Williams",Hintonstad
MER9QFSRIP6MMIN,King Group,South Brian
MERA8QL6QOTHASK,"Roach, Lee and Lang",North Kevin
MERU8D4L5RZ068M,"Murphy, Wilkins and Singh",West Beverly
MERZF9UG61XQY84,Mitchell Ltd,South Jesus
MERTA1ZJBLR888A,Smith-Powers,West Tyler
MERX22A3AVDSQ2R,Evans PLC,South Nancyshire
MERE7QFHQVE7HW6,Butler-Randolph,Travisstad
MERY5FK3OBZLDUU,Bowers LLC,Perryview
MERVJIIJ4RX9V98,Johnson Ltd,Cooleyburgh
MERXPUL4E7KTC4V,"Owens, Martinez and Lewis",Summersstad
MERT2P80KSRQVZ6,Sloan Inc,Saraport
MERU05MMPQKTMGU,Holt Ltd,Butlerstad
MERGQGVG42AKLR5,"Lee, Macdonald and Brewer",Luisburgh
MER9YEA6GTJRY0U,Allen LLC,Lake Natalie
MER0EX5GZ6SVXJ4,Williams-Young,North Ashleyberg
MERFD2S9ZJWPVR8,Harrison Group,Boltonhaven
MERCDAAMO85X0S6,Buck Ltd,Port Jessicamouth
MERHXBD8OMTTLP5,"Griffith, Barker and Taylor",New Robertmouth
MER1UIZJT1NCFA4,"Keller, Avery and Hill",Lindseystad
MER4TUCWDL48QZX,Bryant-Jacobs,New Lisaborough
MEROKBN7O0CHSCS,"Spence, Wright and Williams",Joshuastad
MER64DZMZFS6OSG,"Jenkins, Rodriguez and Johnson",Port Christopherchester
MERV5RXL7T7D1ZZ,"Gomez, Hood and Swanson",East Sarahport
MERLUH1EJBU983C,Ballard-Mccall,Anthonyville
MERDO9BBXHLAXO8,Mullins Group,South Vanessamouth
MERYX7U9FREAMX8,"Avila, Johnson and Boyd",North Jenniferfort
MERM6XXQP1EDWMF,Dawson-Reed,South Madison
MERDYFJBNS97J0A,Robinson Ltd,New Ashley
MER0P0NTN6HOE4E,Rowe-Baker,Lake Jerryfurt
MERY2M83MRPK2PQ,Morris and Sons,South Joseborough
MERZJZK4A7ZHNC2,Morrison Inc,Port Teresachester
MERSQDGVB6HQS07,"King, Nelson and Owen",Port Michael
MER9F6Z2T7E8D01,Daniels Ltd,Tinashire
MERHP4EDP1Y66W6,"Bray, Young and Grant",East Robert
MERQYUGS8OWZIJA,"Martinez, Stanley and Brown",Port Melissa
MERN3G2WP4C4UN6,"Bennett, Brown and Perez",West Stephaniechester
MERNA9XVRBK1GQY,Brown-Galloway,North Kellyville
MERANK57Q2ZZGGX,Middleton-Maxwell,South Harryberg
MER2P29OVPVALHI,Sandoval and Sons,Thompsonland
MER6B1U7X0D095Z,Brady-Nunez,Englishmouth
MERHSN5EOJMQOAY,Case-Henry,Jonathanside
MER6KXIYAYT5MBR,"Taylor, Gibson and Owens",North Laura
MER3EOSP5EYSDPU,Holt Inc,West Matthewchester
MERQQB9MKR2F88G,Spence-Flores,New Courtney
MERYQDVD2LR1VP7,"Andrews, Morales and Ware",Martinside
MERX3IXOJHY5PPB,Michael-Lyons,South Daleburgh
MERNJXD4WZTG5BB,"Gardner, Melton and Bennett",Amandaview
MERB8499F4BWOY5,Brown-Yates,Jameshaven
MERA6XT9D1DHY5J,"Smith, Lloyd and Hill",Lake Zoehaven
MERUFEZE69OIUOE,Jenkins Inc,Annmouth
MERSBRS7WTFX6O3,Douglas-Barker,Lake Leroyberg
MERL2ATRFQ5WTBI,Dennis-Walter,Rogersstad
MERSKKYLUYHHIU0,"Duran, Ferguson and Lambert",Danielchester
MERMULTXIFAFPJS,Mack-Gomez,Port Hannah
MERRGXC91710C57,Johnson-Palmer,Port Christopher
MER0LDTXCXU4HT9,King-Mueller,New Joanne
MERXL5LC6LG87W3,Webster-Bailey,Port Ronaldmouth
MER026D9O3SSCD6,"Harris, Ward and Acevedo",Ingramport
MER1Q6IDXPKS7SU,"Morgan, Haynes and Castaneda",Scottshire
MERDUVN133XUSWC,Harvey-Kramer,Angelahaven
MERVZBG9GRJSOD5,Nash-Campbell,New Monicafurt
MERQ44MJ1DL319B,"Silva, Caldwell and Moore",Lake Maria
MERJJ3A5LILE44Y,Rosario-Reed,Cabrerastad
MEROI3UUKBJPLV2,"Parrish, Elliott and Mccann",Cynthiashire
MERIJ3H6XMWPHAU,Thomas LLC,Lake Melissa
MERWRPNOKYU8XSJ,"Schultz, James and Rowe",Robinsonburgh
MER8LL5ZLIZAHC0,Ramirez-Cowan,East Lisachester
MERLSF3TMB6FWSN,Mcpherson-Kirby,New Ericborough
MERWN84MMODPYSA,Fisher-Wood,Frenchland
MERRTL0YT09M7CY,Norris-Hunter,Danielside
MERSTZHMX9K8K0M,Campos Inc,Nicoletown
MEROP4TD0DZY0GB,"Walters, Webb and Hayes",Cooperborough
MERQPYWR9EUC2V3,Perkins LLC,North Jackie
MER3E89O04CZS0R,Bell-Perez,New Katiestad
MER2OEMU6ZWPCT2,"Flores, Gonzalez and Barrera",Evansshire
MERW3ZSEDFRX947,"Wood, Henderson and Duffy",Fernandezland
MERHDK7DYGPU5UW,"Green, Bates and Hall",Shaunborough
MER5BKJKM691FYG,"Lee, Stewart and Boyd",Lake Carolynberg
MERZEBGWH18D3DO,Kelly Ltd,Christianmouth
MEREVSUZ3TF1ODU,Marsh-Lambert,Millerfort
MER3VN0ONC4H0P6,Williams Ltd,North Brandon
MERP2OFCGYE8UVX,Campbell and Sons,Irwinhaven
MER29KMENE8LFX2,"Ramirez, Andersen and Valentine",Samuelshire
MERZ57WRVW6WNDR,"Gray, Harris and Osborn",Lake Dawn
MERX1767OWZ922J,"Mullins, Roy and Ortiz",Maureenville
MERC1ZHNCKFDCLP,Ali-Davis,Johnnymouth
MERBKD7H9RO6U43,"Howe, Moran and Hamilton",Cliffordmouth
MERHXVT1BAOWZQR,"Frye, Spencer and Hensley",Lake Angelaside
MERGVBL8002ZIMJ,Miller-Norton,Kathrynville
MERUY8E3TVPCPU1,"Reed, Young and Harris",East Devin
MERBH6BQZR5YEI3,Ho LLC,Christopherside
MERQBPF1JR6WXJ6,Miller-George,Tracyland
MERZK9PBG6YPDUT,"Martinez, Lawson and Shelton",Lake Adrianaland
MERH6IABWNGKKRD,Dominguez-Adams,Port Samuel
MER1BTBFDFFOEZF,"Cisneros, Barnes and Morgan",West Carmenside
MERIISEXQIWU9CP,Thomas-Rodriguez,Port Kara
MER64M0Q1ON4190,Delgado PLC,North Kaylahaven
MER1BCGF4XQ6Q69,"Gibson, Watson and Roman",Selenafurt
MERZG9PE931QPGN,Cervantes-Burgess,Robertachester
MEROT43DFZNZKVG,"Rhodes, Allen and Vaughan",Patelfurt
MER957PEBBFZUPM,Rivas-Jones,Lake Keithbury
MERAFU01KWGZOVY,"Bauer, Jones and Tucker",East Tammy
MERRAE2AOX5NFQE,"Yates, Baker and Miller",East Jennifer
MEROCS5XS8KLZXO,Wright PLC,Dennisberg
MERQKJ00S6JK2IL,"Bernard, Martin and Lawson",New Gerald
MERETOC4UFXRH12,Martinez-Roberts,Baileystad
MERXD7NQIYOSJ9H,Stewart Inc,Parkerburgh
MERXIIDMM4TFJPQ,"Owen, Moore and Cross",Bucktown
MERB2QRBXGIHX8D,Hansen Inc,Brittanyville
MERQAMU5YJLTRRD,Harrington-Jones,Sherriberg
MERPG33OGBDK9CQ,Rosales-Jacobs,Zamorafort
MERDOJVDZ1EFI98,"Williams, Burnett and Johnson",Port Brian
MERKL4M4VIHYFCV,"Vega, Stein and Galloway",Port Jonathanton
MER6SBM11BM4I21,Hill PLC,Marthaville
MERP4PLP6WXALCB,Vasquez PLC,Sullivanborough
MERG0F1KGLQ9U2K,"Hunt, Irwin and Mcdaniel",New Jessica
MERGDIB09OF0VD9,"Williams, Tran and Brewer",Kingstad
MERKZXX0G38QRIS,"Baker, Perez and King",North Arielmouth
MERRIVUTM06VSDQ,"Smith, Johnson and Mora",West Charles
MER9NM2ELMJJF7T,Lewis-Moore,Deborahshire
MERI5TG15TXQS39,Hunter Ltd,Nancyview
MERIGE6EFGAKGMW,Brown-Scott,Jenniferbury
MERDMS0PXJR57TS,"Edwards, Lee and Turner",Taylorbury
MER5ETLSNT1T89H,Walker-Daniels,Romeroport
MERIWSTVF1Y84TP,Harris-Gibson,North Davidport
MERA1J4YBO3C68C,White PLC,Kellerborough
MERV726FQHQXATW,Daniels-Holland,East Alexis
MERLUT0F4OB2IP2,Garrett PLC,South Jack
MERABXKL1GZ0IC0,"Finley, Smith and Townsend",Hubbardland
MER9WA396LBLKWM,Kelly-Turner,Mccartyshire
MERDH6R21QEPJ75,Brown Ltd,North Dana
MERS861GL27VGY6,Mosley and Sons,Meganmouth
MERBL401NEXJ9PN,Williams-Johnson,Lake Cristina
MERZIBFVQ2FC989,"Young, King and Martinez",Sarahstad
MEREPX50D8ASNDD,Cole-Vasquez,Garciaview
MER8L7RWF60GNJQ,Rose and Sons,New Staciemouth
MERR5SG4SV2FLUA,Johns-Hoover,North Kathrynmouth
MER217L52IBB9W9,Simmons-Valdez,Toddburgh
MERMH0HLQY2QTYY,Gallegos-Medina,Simpsonside
MERZXYBRPA9NVIA,"Kelly, Powell and Torres",New Mary
MERWRJ8R41YECEM,Parrish and Sons,New Anthonyview
MER5S45HJI288I8,Fernandez-Wright,Port Sandrastad
MERIYJTQLXWW37P,"Graves, Holland and Moore",East John
MER64YI4EDJUQR7,"Elliott, Gordon and Turner",East Robin
MER2M0XUHCST4KO,"Rodriguez, Johnson and Thompson",Ambermouth
MERDIR8TJVBAXAZ,Weaver Group,Port Cheryl
MER43H74IFBVM32,Hall-Simon,West Jonathan
MERATMD2TMDVQJ5,"Johnson, Parker and Spence",Port Kenneth
MER9FBNGP0UWJS0,"Soto, White and Garcia",West Lukestad
MERSFMMJJJ753HU,Hernandez-Johnson,Theresastad
MERJOLC522XREV0,Middleton-Robinson,New Thomas
MERZLE73KXILARQ,Rivas Inc,Moyerburgh
MERCHCWW779N1NJ,Gomez PLC,West Christopher
MER85BEJ1BV00A4,Ramirez-Bowen,West Judyfurt
MERPWQK1FQ48SYB,Hanson Ltd,Vanessafort
MERZST6R5O7Y2A6,Evans-Hurley,Ryanshire
MERIG132C4UDGEE,Morales-Maynard,Georgemouth
MERMMS8E84WKUSN,Larson-Lee,East Joyville
MERIGC7XEY14E3A,Gilbert-Tucker,Smithland
MEREG2AITXJ60B3,Kim LLC,Lake Jessica
MERU1172MBSYP7Q,Rivera PLC,Lake Jonathanberg
MER4P8EWKYX4LYU,"Briggs, White and Anderson",East Joshua
MERIZ65BD3F4BF7,Rogers-Wells,North Meganfort
MERZL2ONZ43QZFK,Taylor-Johnson,East Rachelborough
MERXOG3RKKT7WW8,"Bennett, Ramos and Brown",Forbesberg
MERIE61BU9I2NQS,Cobb PLC,New Lindseytown
MERTRZLJJ73XZ6L,Burton-Simon,Odonnellstad
MERP4NRKEMXQN0N,Moore-Newman,Pamelahaven
MER6GZ4GOSK3QU8,Norman-Johnson,New Cindyborough
MERBTWH8EN208UO,Lester and Sons,North Ann
MERSSSHFTDC9E9Q,Kim Ltd,Parkershire
MER35ZAVL2X441H,Garcia PLC,New Jamesborough
MER5COKFS29NLMS,Potter-Chaney,North Michaelborough
MERWTK47DKP9S85,Parker-West,Zacharyburgh
MERLLEN3C428IO3,"Garcia, Brown and Bell",Spencerchester
MERHWB4EJ1RW533,Clark-Crosby,West Ashleyhaven
MERVA7EQVSJPY07,"Wade, Parsons and Montgomery",North Kathryn
MERGAEMY7OPK7VW,"Long, Williams and Chaney",Matthewstad
MERCI35LXNT4RI1,Woodard-Nichols,Lake Maryview
MERU7KPKJCD6A28,Thomas Inc,Hubbardhaven
MERBKMYYKGUAWJB,"Estrada, Rogers and Chen",Carlaborough
MERMZXCZASIR0B3,Jackson-James,Youngfurt
MER1VC0QWPFNJJZ,"Clark, Reynolds and Carr",East Eileen
MERXUTT0D8ZJ89U,"Thomas, Benjamin and Adams",Taraview
MEREMJH5PFW924F,Wright-Wright,Rosebury
MERS11YXLIE68YY,Lane LLC,West Robert
MERRZC3ADBW0LDP,Barnes-Mcgee,Brettmouth
MERPSAVEL3MNSKQ,"Humphrey, Hall and Vargas",Earlmouth
MERW1LJJO7ERDLG,"Boyd, Jimenez and Hess",North Nancyfurt
MER005IUMIR34KD,Phillips Ltd,West Kristopher
MERJQ19VTYO69OO,Sharp-Carroll,Wilsonfort
MERN74BZT0C1KCM,Taylor-Lewis,West Sheenaland
MERV2WSWZGLA3YU,Jimenez Inc,Haynesfort
MER270S5IT32TQM,Cordova-Johnson,Lake Renee
MERZ5MBXG19WPLD,"Williams, Moreno and Hayes",New Marcusmouth
MER1YENDZB87OQ9,Porter-Bishop,Nancyhaven
MER7ZNZXSVXHLJ2,"Gordon, Hernandez and Hardy",West Stephanieberg
MERV4VAGN6XEXC0,Spencer and Sons,Lake Jesse
MERYNCATV39TB9D,Young and Sons,Crawfordfort
MERDOHU79HW4SK2,Obrien LLC,Richardhaven
MERUK3GELPF2HYC,Robinson-Santiago,Kennedybury
MEROZ902KCWZTHC,"Lopez, Taylor and Curry",Tylerside
MERBRGFIF7UIXAD,Cooley and Sons,Lake Davidview
MEROA0WSNQ10B3P,Smith-King,New Nancybury
MERPO3X3WYKSGT3,"Jackson, Hernandez and Smith",Adammouth
MERUEGHC0GZGSGY,Christensen-Spencer,East Carmenmouth
MERW4WGUMT1L9KS,Espinoza-Schmidt,Frankmouth
MERGKEZU6O226L0,Howard-Henderson,West Christian
MERIV4HQD8JQF5K,Stanley-Schultz,Port Amanda
MERNUVJQKSQINDV,"Grant, Young and Myers",Beasleyberg
MERFK6W72GDROCS,"Hopkins, Le and Preston",North Matthewborough
MERNSGERT3SQIIR,Soto-Beasley,Moraburgh
MEREZT20ZVMYDMG,"Smith, Richards and Davis",North Gregoryview
MERQJS7XP8J3I2E,"Garrett, Leon and Brady",North Katrinafort
MERMT2S1T41JZJ4,Smith Inc,Lake Nicolefort
MERMI01F0JRRJ0R,Humphrey-Miranda,Lake Brad
MERXGU2VUWPL01F,"Nelson, Padilla and Stein",Lake Melissa
MER7XNPEZWCYNT0,Howell-Bell,Samuelberg
MER5WPO38C37G9S,Miles-Johnson,Amychester
MEREDMZ0CCMSEJW,Johnson PLC,Greenside
MERRGE5OU5EZKHM,Armstrong-Davis,Port Johnathanville
MEREAMJQQPZ1BI1,"Price, Francis and Edwards",North Elizabeth
MERL7V9A2LEMRGV,Allen-Landry,New Ericbury
MER33RMOICI5600,Patterson-Clark,Rebeccaburgh
MER5ZJFQP43IM1P,Peterson LLC,Parkerbury
MER0YX8C1XP5RH0,Cunningham PLC,West Deniseberg
MERF7UWXSLPML90,Phillips Group,East Valerie
MERMPAE0XTYE0ZC,Nelson Group,Lake Michaelburgh
MERPF8MWUWI1HG6,Cabrera Group,Collinsland
MERL1UZZGHRC9GI,Marquez and Sons,Moralesville
MERI093SMT347N9,Castro Group,Andreahaven
MER20AJ2HSHDP7P,Johnson Inc,East Ethantown
MERVZCYBH36ZRA4,"Miller, Smith and Smith",Moodyburgh
MERBQQ959YWCBRQ,Campbell-Krause,South Antonioport
MERT6OXQFPD9445,"Thomas, Barnes and Fernandez",Lake Chad
MERCYX2ZKM9X3P2,Spencer and Sons,North Bradleyfurt
MER30FMVOGDL8KB,Ramirez Inc,Gordontown
MERKRGDC4MTOGSZ,Ortiz Inc,Elizabethfort
MERA0YQ89MCZYT0,Wilson-Cummings,Port Kathyhaven
MER7IJYD9CTCZUC,Roth-Donovan,Mooneyhaven
MERKLNUOA5L8PCS,"Cooper, Wilson and Odonnell",Patrickfurt
MERXOEXW8V80SP5,Jimenez-Wagner,New Alexandra
MER4V2M0UPYQWKC,Conner PLC,Reeseview
MER557N51VO19M1,"Blair, Bean and Bowen",West Mario
MERX5XPBU8CBMPF,"Reeves, Curtis and Stevens",New Courtney
MER3JRXM0B7O19F,"Miller, Valdez and Anderson",West Manuel
MEREAIPMBXW0A38,Martin-Thomas,South David
MERXM2KNH5HVQ5V,Carter-Powell,West Sandra
MER173XYYJ2RW28,Vance-Flores,South Dustin
MER5U8P8IO9EE1L,"Jefferson, Gonzales and Hubbard",Courtneystad
MERX6P9WGKYOE97,Saunders-Brown,Banksfort
MERUC80Y9MT18X7,Obrien-Miller,Stevenmouth
MERF0RC4Q311UZX,Taylor-Moore,West Debraville
MERE34D7RT1V7A8,Rodriguez-Myers,Glennland
MERZKQ15BZHB7DD,Gibbs-Roberts,North Shawnview
MERC0NNFGYQSUKE,"Hall, Davis and Thomas",West Natalie
MER2IY1YE27RYTB,"Morgan, Allison and Davis",West Lisa
MER8IZZ4BVZ180K,Reyes-Wallace,East Pamela
MER418NAI0KS3JB,"Hogan, Zavala and Hughes",Port Joseph
MERVBCAIH2SUAJ4,Greene and Sons,West James
MERPHC58VZTENLG,Hernandez Ltd,Richardborough
MER9LP2QD1HKPCK,"Munoz, Mccarthy and Mcdaniel",Anthonytown
MERMVB5LYNTWAGO,Douglas Group,New Jeffrey
MER3C8P6ACFO46Q,Barnes LLC,Acostafort
MER66SIC4P3YA09,Foster-Haynes,Waynestad
MERTNRHP40F31JH,Brooks Group,East Ashleyborough
MERQAHEA6QR8YC9,Turner Group,North Adriana
MERLE0Q6MEY7F5U,Watson Inc,New Carrieport
MER3ARRPP0XDHJR,Miller-Mckenzie,Rayfort
MERUBZ87WI474P2,Villanueva-Johnson,Fullermouth
MERBS6Q5P36OBEM,Wood-Sanchez,North Scott
MER8X6UB0SIANJY,Hicks-West,Mitchellberg
MERDWKI35WT95WX,Ross-Alvarez,Madisonbury
MER4BDR4CXMZOV6,Cruz-Carter,West Veronicaland
MERNVT2VU66I3LB,"Kelly, Garza and Lyons",New Jessica
MERCV5YF1VUZ3FN,"Wilson, Bennett and Lopez",Gilmorefort
MERIP4W3EFHBGGP,"King, Bates and Gonzalez",Port Erica
MERKQCMCV9BP08B,Andersen-Odom,Justinstad
MER26JAXWEBMBHP,Gibson-Mitchell,New Ariana
MERJ9U55BES4NV2,"Chavez, Durham and Thomas",Ericmouth
MERHKBVKEI6G70Y,"Choi, Murray and Johnson",Bridgettown
MERMCF8M7ZFUX8V,Friedman-White,Baileymouth
MER6WAT0TEAFRS4,"May, Parks and Frank",Lake James
MERCKFSS3L03Q8L,Dalton and Sons,East William
MERR6C5EM2TLSK1,"Sullivan, Gay and Blair",Sharonview
MER5L8J042AOBTB,"Knight, Campbell and Huff",North Robertbury
MER8344QUEGN65F,Mcdaniel-Thompson,Starkfurt
MERVDMH2Q28VAVY,"Joseph, Grimes and Holloway",Lake Haley
MER5HFUO5D4YX6R,"Henry, Holt and Lee",South Taraburgh
MERMLJ33N1TF7LA,Gibson PLC,West Evanbury
MERLTAY67TUQNHM,Sparks Group,Willisland
MERA9XFPPARFMFX,Mcintyre Inc,East Kimberlyfort
MER49GAYVOCMD48,Archer Inc,Cynthiaville
MERIIULU7WT8TXE,"Wise, Keith and Fox",East Michael
MERJNUVLDUVZXOB,Santos LLC,South Crystalstad
MER00RPMT178NQB,"Wiley, Valenzuela and Wright",Taylormouth
MER9KVE43DVRC73,Stein Group,Hillport
MER4JR86YJ5UHFW,Johnson-Cole,Alvarezstad
